<?xml version="1.0" encoding="UTF-8"?>
<qes:espresso xsi:schemaLocation="http://www.quantum-espresso.org/ns/qes/qes-1.0 http://www.quantum-espresso.org/ns/qes/qes_210716.xsd" Units="Hartree atomic units" xmlns:xsi="http://www.w3.org/2001/XMLSchema-instance" xmlns:qes="http://www.quantum-espresso.org/ns/qes/qes-1.0">
  <!--All quantities are in Hartree atomic units unless otherwise specified-->
  <general_info>
    <xml_format NAME="QEXSD" VERSION="21.11.01">QEXSD_21.11.01</xml_format>
    <creator NAME="PWSCF" VERSION="7.0">XML file generated by PWSCF</creator>
    <created DATE="21Feb2023" TIME="10:49:56">This run was terminated on:  10:49:56  21 Feb 2023</created>
    <job></job>
  </general_info>
  <parallel_info>
    <nprocs>1</nprocs>
    <nthreads>1</nthreads>
    <ntasks>1</ntasks>
    <nbgrp>1</nbgrp>
    <npool>1</npool>
    <ndiag>1</ndiag>
  </parallel_info>
  <input>
    <control_variables>
      <title></title>
      <calculation>scf</calculation>
      <restart_mode>from_scratch</restart_mode>
      <prefix>aiida</prefix>
      <pseudo_dir>./pseudo/</pseudo_dir>
      <outdir>./out/</outdir>
      <stress>true</stress>
      <forces>true</forces>
      <wf_collect>true</wf_collect>
      <disk_io>low</disk_io>
      <max_seconds>41040</max_seconds>
      <nstep>1</nstep>
      <etot_conv_thr>2.999999999999999e-4</etot_conv_thr>
      <forc_conv_thr>5.000000000000000e-4</forc_conv_thr>
      <press_conv_thr>5.000000000000000e-1</press_conv_thr>
      <verbosity>high</verbosity>
      <print_every>100000</print_every>
    </control_variables>
    <atomic_species ntyp="2">
      <species name="Mo">
        <mass>9.595000000000001e1</mass>
        <pseudo_file>Mo_ONCV_PBEsol-1.0.upf</pseudo_file>
      </species>
      <species name="S">
        <mass>3.206000000000000e1</mass>
        <pseudo_file>s_pbesol_v1.4.uspp.F.UPF</pseudo_file>
      </species>
    </atomic_species>
    <atomic_structure nat="6" alat="6.028822924094e0">
      <atomic_positions>
        <atom name="Mo" index="1">0.000000000000000e0 3.480742538131772e0 7.029310641802834e0</atom>
        <atom name="Mo" index="2">3.014411462046876e0 1.740371269065886e0 2.108793192540850e1</atom>
        <atom name="S" index="3">3.014411462046876e0 1.740371269065886e0 9.986513511574277e0</atom>
        <atom name="S" index="4">0.000000000000000e0 3.480742538131772e0 2.404513479517995e1</atom>
        <atom name="S" index="5">3.014411462046876e0 1.740371269065886e0 4.072107772031390e0</atom>
        <atom name="S" index="6">0.000000000000000e0 3.480742538131772e0 1.813072905563706e1</atom>
      </atomic_positions>
      <cell>
        <a1>6.028822924093752e0 0.000000000000000e0 0.000000000000000e0</a1>
        <a2>-3.014411462046876e0 5.221113807197657e0 0.000000000000000e0</a2>
        <a3>0.000000000000000e0 0.000000000000000e0 2.811724256721133e1</a3>
      </cell>
    </atomic_structure>
    <dft>
      <functional>PBESOL</functional>
    </dft>
    <spin>
      <lsda>false</lsda>
      <noncolin>false</noncolin>
      <spinorbit>false</spinorbit>
    </spin>
    <bands>
      <smearing degauss="5.000000000000e-3">mv</smearing>
      <tot_charge>0.000000000000000e0</tot_charge>
      <occupations>smearing</occupations>
    </bands>
    <basis>
      <gamma_only>false</gamma_only>
      <ecutwfc>1.750000000000000e1</ecutwfc>
      <ecutrho>1.400000000000000e2</ecutrho>
    </basis>
    <electron_control>
      <diagonalization>davidson</diagonalization>
      <mixing_mode>plain</mixing_mode>
      <mixing_beta>4.000000000000000e-1</mixing_beta>
      <conv_thr>1.200000000000000e-9</conv_thr>
      <mixing_ndim>8</mixing_ndim>
      <max_nstep>80</max_nstep>
      <real_space_q>false</real_space_q>
      <real_space_beta>false</real_space_beta>
      <tq_smoothing>false</tq_smoothing>
      <tbeta_smoothing>false</tbeta_smoothing>
      <diago_thr_init>0.000000000000000e0</diago_thr_init>
      <diago_full_acc>false</diago_full_acc>
      <diago_cg_maxiter>20</diago_cg_maxiter>
      <diago_ppcg_maxiter>20</diago_ppcg_maxiter>
      <diago_rmm_ndim>4</diago_rmm_ndim>
      <diago_gs_nblock>16</diago_gs_nblock>
      <diago_rmm_conv>false</diago_rmm_conv>
    </electron_control>
    <k_points_IBZ>
      <monkhorst_pack nk1="5" nk2="5" nk3="1" k1="0" k2="0" k3="0">Monkhorst-Pack</monkhorst_pack>
    </k_points_IBZ>
    <ion_control>
      <ion_dynamics>none</ion_dynamics>
      <upscale>1.000000000000000e2</upscale>
      <remove_rigid_rot>false</remove_rigid_rot>
      <refold_pos>false</refold_pos>
    </ion_control>
    <cell_control>
      <cell_dynamics>none</cell_dynamics>
      <pressure>0.000000000000000e0</pressure>
      <wmass>3.201400000000000e2</wmass>
      <cell_do_free>all</cell_do_free>
    </cell_control>
    <symmetry_flags>
      <nosym>false</nosym>
      <nosym_evc>false</nosym_evc>
      <noinv>false</noinv>
      <no_t_rev>false</no_t_rev>
      <force_symmorphic>false</force_symmorphic>
      <use_all_frac>false</use_all_frac>
    </symmetry_flags>
  </input>
  <output>
    <convergence_info>
      <scf_conv>
        <convergence_achieved>true</convergence_achieved>
        <n_scf_steps>12</n_scf_steps>
        <scf_error>5.915271652181618e-10</scf_error>
      </scf_conv>
    </convergence_info>
    <algorithmic_info>
      <real_space_q>false</real_space_q>
      <real_space_beta>false</real_space_beta>
      <uspp>true</uspp>
      <paw>false</paw>
    </algorithmic_info>
    <atomic_species ntyp="2" pseudo_dir="./pseudo/">
      <species name="Mo">
        <mass>9.595000000000001e1</mass>
        <pseudo_file>Mo_ONCV_PBEsol-1.0.upf</pseudo_file>
      </species>
      <species name="S">
        <mass>3.206000000000000e1</mass>
        <pseudo_file>s_pbesol_v1.4.uspp.F.UPF</pseudo_file>
      </species>
    </atomic_species>
    <atomic_structure nat="6" alat="6.028822924094e0">
      <atomic_positions>
        <atom name="Mo" index="1">0.000000000000000e0 3.480742538131772e0 7.029310641802834e0</atom>
        <atom name="Mo" index="2">3.014411462046876e0 1.740371269065886e0 2.108793192540850e1</atom>
        <atom name="S" index="3">3.014411462046876e0 1.740371269065886e0 9.986513511574277e0</atom>
        <atom name="S" index="4">0.000000000000000e0 3.480742538131772e0 2.404513479517995e1</atom>
        <atom name="S" index="5">3.014411462046876e0 1.740371269065886e0 4.072107772031390e0</atom>
        <atom name="S" index="6">0.000000000000000e0 3.480742538131772e0 1.813072905563706e1</atom>
      </atomic_positions>
      <cell>
        <a1>6.028822924093752e0 0.000000000000000e0 0.000000000000000e0</a1>
        <a2>-3.014411462046876e0 5.221113807197657e0 0.000000000000000e0</a2>
        <a3>0.000000000000000e0 0.000000000000000e0 2.811724256721133e1</a3>
      </cell>
    </atomic_structure>
    <symmetries>
      <nsym>24</nsym>
      <nrot>24</nrot>
      <space_group>0</space_group>
      <symmetry>
        <info name="identity" class="not found">crystal_symmetry</info>
        <rotation rank="2" dims="3 3">
          1.000000000000000e0 0.000000000000000e0 0.000000000000000e0
          0.000000000000000e0 1.000000000000000e0 0.000000000000000e0
          0.000000000000000e0 0.000000000000000e0 1.000000000000000e0
          </rotation>
        <fractional_translation>0.000000000000000e0 0.000000000000000e0 0.000000000000000e0</fractional_translation>
        <equivalent_atoms size="6" nat="6">
          1 2 3 4 5 6
          </equivalent_atoms>
      </symmetry>
      <symmetry>
        <info name="180 deg rotation - cart. axis [0,0,1]" class="not found">crystal_symmetry</info>
        <rotation rank="2" dims="3 3">
          -1.000000000000000e0 0.000000000000000e0 0.000000000000000e0
          0.000000000000000e0 -1.000000000000000e0 0.000000000000000e0
          0.000000000000000e0 0.000000000000000e0 1.000000000000000e0
          </rotation>
        <fractional_translation>-2.220446049250313e-16 -2.220446049250313e-16 -5.000000000000000e-1</fractional_translation>
        <equivalent_atoms size="6" nat="6">
          2 1 4 3 6 5
          </equivalent_atoms>
      </symmetry>
      <symmetry>
        <info name="180 deg rotation - cart. axis [0,1,0]" class="not found">crystal_symmetry</info>
        <rotation rank="2" dims="3 3">
          -1.000000000000000e0 1.000000000000000e0 0.000000000000000e0
          0.000000000000000e0 1.000000000000000e0 0.000000000000000e0
          0.000000000000000e0 0.000000000000000e0 -1.000000000000000e0
          </rotation>
        <fractional_translation>0.000000000000000e0 0.000000000000000e0 4.999999999999999e-1</fractional_translation>
        <equivalent_atoms size="6" nat="6">
          1 2 5 6 3 4
          </equivalent_atoms>
      </symmetry>
      <symmetry>
        <info name="180 deg rotation - cart. axis [1,0,0]" class="not found">crystal_symmetry</info>
        <rotation rank="2" dims="3 3">
          1.000000000000000e0 -1.000000000000000e0 0.000000000000000e0
          0.000000000000000e0 -1.000000000000000e0 0.000000000000000e0
          0.000000000000000e0 0.000000000000000e0 -1.000000000000000e0
          </rotation>
        <fractional_translation>0.000000000000000e0 0.000000000000000e0 0.000000000000000e0</fractional_translation>
        <equivalent_atoms size="6" nat="6">
          2 1 6 5 4 3
          </equivalent_atoms>
      </symmetry>
      <symmetry>
        <info name=" 60 deg rotation - cryst. axis [0,0,1]" class="not found">crystal_symmetry</info>
        <rotation rank="2" dims="3 3">
          1.000000000000000e0 -1.000000000000000e0 0.000000000000000e0
          1.000000000000000e0 0.000000000000000e0 0.000000000000000e0
          0.000000000000000e0 0.000000000000000e0 1.000000000000000e0
          </rotation>
        <fractional_translation>-1.110223024625157e-16 -1.110223024625157e-16 -5.000000000000000e-1</fractional_translation>
        <equivalent_atoms size="6" nat="6">
          2 1 4 3 6 5
          </equivalent_atoms>
      </symmetry>
      <symmetry>
        <info name=" 60 deg rotation - cryst. axis [0,0,-1]" class="not found">crystal_symmetry</info>
        <rotation rank="2" dims="3 3">
          0.000000000000000e0 1.000000000000000e0 0.000000000000000e0
          -1.000000000000000e0 1.000000000000000e0 0.000000000000000e0
          0.000000000000000e0 0.000000000000000e0 1.000000000000000e0
          </rotation>
        <fractional_translation>0.000000000000000e0 -2.220446049250313e-16 -5.000000000000000e-1</fractional_translation>
        <equivalent_atoms size="6" nat="6">
          2 1 4 3 6 5
          </equivalent_atoms>
      </symmetry>
      <symmetry>
        <info name="120 deg rotation - cryst. axis [0,0,1]" class="not found">crystal_symmetry</info>
        <rotation rank="2" dims="3 3">
          0.000000000000000e0 -1.000000000000000e0 0.000000000000000e0
          1.000000000000000e0 -1.000000000000000e0 0.000000000000000e0
          0.000000000000000e0 0.000000000000000e0 1.000000000000000e0
          </rotation>
        <fractional_translation>0.000000000000000e0 0.000000000000000e0 0.000000000000000e0</fractional_translation>
        <equivalent_atoms size="6" nat="6">
          1 2 3 4 5 6
          </equivalent_atoms>
      </symmetry>
      <symmetry>
        <info name="120 deg rotation - cryst. axis [0,0,-1]" class="not found">crystal_symmetry</info>
        <rotation rank="2" dims="3 3">
          -1.000000000000000e0 1.000000000000000e0 0.000000000000000e0
          -1.000000000000000e0 0.000000000000000e0 0.000000000000000e0
          0.000000000000000e0 0.000000000000000e0 1.000000000000000e0
          </rotation>
        <fractional_translation>0.000000000000000e0 0.000000000000000e0 0.000000000000000e0</fractional_translation>
        <equivalent_atoms size="6" nat="6">
          1 2 3 4 5 6
          </equivalent_atoms>
      </symmetry>
      <symmetry>
        <info name="180 deg rotation - cryst. axis [1,-1,0]" class="not found">crystal_symmetry</info>
        <rotation rank="2" dims="3 3">
          0.000000000000000e0 -1.000000000000000e0 0.000000000000000e0
          -1.000000000000000e0 0.000000000000000e0 0.000000000000000e0
          0.000000000000000e0 0.000000000000000e0 -1.000000000000000e0
          </rotation>
        <fractional_translation>-2.220446049250313e-16 -2.220446049250313e-16 4.999999999999999e-1</fractional_translation>
        <equivalent_atoms size="6" nat="6">
          1 2 5 6 3 4
          </equivalent_atoms>
      </symmetry>
      <symmetry>
        <info name="180 deg rotation - cryst. axis [2,1,0]" class="not found">crystal_symmetry</info>
        <rotation rank="2" dims="3 3">
          1.000000000000000e0 0.000000000000000e0 0.000000000000000e0
          1.000000000000000e0 -1.000000000000000e0 0.000000000000000e0
          0.000000000000000e0 0.000000000000000e0 -1.000000000000000e0
          </rotation>
        <fractional_translation>0.000000000000000e0 -2.220446049250313e-16 4.999999999999999e-1</fractional_translation>
        <equivalent_atoms size="6" nat="6">
          1 2 5 6 3 4
          </equivalent_atoms>
      </symmetry>
      <symmetry>
        <info name="180 deg rotation - cryst. axis [0,1,0]" class="not found">crystal_symmetry</info>
        <rotation rank="2" dims="3 3">
          -1.000000000000000e0 0.000000000000000e0 0.000000000000000e0
          -1.000000000000000e0 1.000000000000000e0 0.000000000000000e0
          0.000000000000000e0 0.000000000000000e0 -1.000000000000000e0
          </rotation>
        <fractional_translation>0.000000000000000e0 0.000000000000000e0 0.000000000000000e0</fractional_translation>
        <equivalent_atoms size="6" nat="6">
          2 1 6 5 4 3
          </equivalent_atoms>
      </symmetry>
      <symmetry>
        <info name="180 deg rotation - cryst. axis [1,1,0]" class="not found">crystal_symmetry</info>
        <rotation rank="2" dims="3 3">
          0.000000000000000e0 1.000000000000000e0 0.000000000000000e0
          1.000000000000000e0 0.000000000000000e0 0.000000000000000e0
          0.000000000000000e0 0.000000000000000e0 -1.000000000000000e0
          </rotation>
        <fractional_translation>0.000000000000000e0 0.000000000000000e0 0.000000000000000e0</fractional_translation>
        <equivalent_atoms size="6" nat="6">
          2 1 6 5 4 3
          </equivalent_atoms>
      </symmetry>
      <symmetry>
        <info name="inversion" class="not found">crystal_symmetry</info>
        <rotation rank="2" dims="3 3">
          -1.000000000000000e0 0.000000000000000e0 0.000000000000000e0
          0.000000000000000e0 -1.000000000000000e0 0.000000000000000e0
          0.000000000000000e0 0.000000000000000e0 -1.000000000000000e0
          </rotation>
        <fractional_translation>0.000000000000000e0 0.000000000000000e0 0.000000000000000e0</fractional_translation>
        <equivalent_atoms size="6" nat="6">
          2 1 6 5 4 3
          </equivalent_atoms>
      </symmetry>
      <symmetry>
        <info name="inv. 180 deg rotation - cart. axis [0,0,1]" class="not found">crystal_symmetry</info>
        <rotation rank="2" dims="3 3">
          1.000000000000000e0 0.000000000000000e0 0.000000000000000e0
          0.000000000000000e0 1.000000000000000e0 0.000000000000000e0
          0.000000000000000e0 0.000000000000000e0 -1.000000000000000e0
          </rotation>
        <fractional_translation>0.000000000000000e0 0.000000000000000e0 4.999999999999999e-1</fractional_translation>
        <equivalent_atoms size="6" nat="6">
          1 2 5 6 3 4
          </equivalent_atoms>
      </symmetry>
      <symmetry>
        <info name="inv. 180 deg rotation - cart. axis [0,1,0]" class="not found">crystal_symmetry</info>
        <rotation rank="2" dims="3 3">
          1.000000000000000e0 -1.000000000000000e0 0.000000000000000e0
          0.000000000000000e0 -1.000000000000000e0 0.000000000000000e0
          0.000000000000000e0 0.000000000000000e0 1.000000000000000e0
          </rotation>
        <fractional_translation>-1.110223024625157e-16 -2.220446049250313e-16 -5.000000000000000e-1</fractional_translation>
        <equivalent_atoms size="6" nat="6">
          2 1 4 3 6 5
          </equivalent_atoms>
      </symmetry>
      <symmetry>
        <info name="inv. 180 deg rotation - cart. axis [1,0,0]" class="not found">crystal_symmetry</info>
        <rotation rank="2" dims="3 3">
          -1.000000000000000e0 1.000000000000000e0 0.000000000000000e0
          0.000000000000000e0 1.000000000000000e0 0.000000000000000e0
          0.000000000000000e0 0.000000000000000e0 1.000000000000000e0
          </rotation>
        <fractional_translation>0.000000000000000e0 0.000000000000000e0 0.000000000000000e0</fractional_translation>
        <equivalent_atoms size="6" nat="6">
          1 2 3 4 5 6
          </equivalent_atoms>
      </symmetry>
      <symmetry>
        <info name="inv.  60 deg rotation - cryst. axis [0,0,1]" class="not found">crystal_symmetry</info>
        <rotation rank="2" dims="3 3">
          -1.000000000000000e0 1.000000000000000e0 0.000000000000000e0
          -1.000000000000000e0 0.000000000000000e0 0.000000000000000e0
          0.000000000000000e0 0.000000000000000e0 -1.000000000000000e0
          </rotation>
        <fractional_translation>0.000000000000000e0 -2.220446049250313e-16 4.999999999999999e-1</fractional_translation>
        <equivalent_atoms size="6" nat="6">
          1 2 5 6 3 4
          </equivalent_atoms>
      </symmetry>
      <symmetry>
        <info name="inv.  60 deg rotation - cryst. axis [0,0,-1]" class="not found">crystal_symmetry</info>
        <rotation rank="2" dims="3 3">
          0.000000000000000e0 -1.000000000000000e0 0.000000000000000e0
          1.000000000000000e0 -1.000000000000000e0 0.000000000000000e0
          0.000000000000000e0 0.000000000000000e0 -1.000000000000000e0
          </rotation>
        <fractional_translation>-2.220446049250313e-16 -2.220446049250313e-16 4.999999999999999e-1</fractional_translation>
        <equivalent_atoms size="6" nat="6">
          1 2 5 6 3 4
          </equivalent_atoms>
      </symmetry>
      <symmetry>
        <info name="inv. 120 deg rotation - cryst. axis [0,0,1]" class="not found">crystal_symmetry</info>
        <rotation rank="2" dims="3 3">
          0.000000000000000e0 1.000000000000000e0 0.000000000000000e0
          -1.000000000000000e0 1.000000000000000e0 0.000000000000000e0
          0.000000000000000e0 0.000000000000000e0 -1.000000000000000e0
          </rotation>
        <fractional_translation>0.000000000000000e0 0.000000000000000e0 0.000000000000000e0</fractional_translation>
        <equivalent_atoms size="6" nat="6">
          2 1 6 5 4 3
          </equivalent_atoms>
      </symmetry>
      <symmetry>
        <info name="inv. 120 deg rotation - cryst. axis [0,0,-1]" class="not found">crystal_symmetry</info>
        <rotation rank="2" dims="3 3">
          1.000000000000000e0 -1.000000000000000e0 0.000000000000000e0
          1.000000000000000e0 0.000000000000000e0 0.000000000000000e0
          0.000000000000000e0 0.000000000000000e0 -1.000000000000000e0
          </rotation>
        <fractional_translation>0.000000000000000e0 0.000000000000000e0 0.000000000000000e0</fractional_translation>
        <equivalent_atoms size="6" nat="6">
          2 1 6 5 4 3
          </equivalent_atoms>
      </symmetry>
      <symmetry>
        <info name="inv. 180 deg rotation - cryst. axis [1,-1,0]" class="not found">crystal_symmetry</info>
        <rotation rank="2" dims="3 3">
          0.000000000000000e0 1.000000000000000e0 0.000000000000000e0
          1.000000000000000e0 0.000000000000000e0 0.000000000000000e0
          0.000000000000000e0 0.000000000000000e0 1.000000000000000e0
          </rotation>
        <fractional_translation>0.000000000000000e0 -1.110223024625157e-16 -5.000000000000000e-1</fractional_translation>
        <equivalent_atoms size="6" nat="6">
          2 1 4 3 6 5
          </equivalent_atoms>
      </symmetry>
      <symmetry>
        <info name="inv. 180 deg rotation - cryst. axis [2,1,0]" class="not found">crystal_symmetry</info>
        <rotation rank="2" dims="3 3">
          -1.000000000000000e0 0.000000000000000e0 0.000000000000000e0
          -1.000000000000000e0 1.000000000000000e0 0.000000000000000e0
          0.000000000000000e0 0.000000000000000e0 1.000000000000000e0
          </rotation>
        <fractional_translation>-2.220446049250313e-16 -2.220446049250313e-16 -5.000000000000000e-1</fractional_translation>
        <equivalent_atoms size="6" nat="6">
          2 1 4 3 6 5
          </equivalent_atoms>
      </symmetry>
      <symmetry>
        <info name="inv. 180 deg rotation - cryst. axis [0,1,0]" class="not found">crystal_symmetry</info>
        <rotation rank="2" dims="3 3">
          1.000000000000000e0 0.000000000000000e0 0.000000000000000e0
          1.000000000000000e0 -1.000000000000000e0 0.000000000000000e0
          0.000000000000000e0 0.000000000000000e0 1.000000000000000e0
          </rotation>
        <fractional_translation>0.000000000000000e0 0.000000000000000e0 0.000000000000000e0</fractional_translation>
        <equivalent_atoms size="6" nat="6">
          1 2 3 4 5 6
          </equivalent_atoms>
      </symmetry>
      <symmetry>
        <info name="inv. 180 deg rotation - cryst. axis [1,1,0]" class="not found">crystal_symmetry</info>
        <rotation rank="2" dims="3 3">
          0.000000000000000e0 -1.000000000000000e0 0.000000000000000e0
          -1.000000000000000e0 0.000000000000000e0 0.000000000000000e0
          0.000000000000000e0 0.000000000000000e0 1.000000000000000e0
          </rotation>
        <fractional_translation>0.000000000000000e0 0.000000000000000e0 0.000000000000000e0</fractional_translation>
        <equivalent_atoms size="6" nat="6">
          1 2 3 4 5 6
          </equivalent_atoms>
      </symmetry>
    </symmetries>
    <basis_set>
      <gamma_only>false</gamma_only>
      <ecutwfc>1.750000000000000e1</ecutwfc>
      <ecutrho>1.400000000000000e2</ecutrho>
      <fft_grid nr1="36" nr2="36" nr3="150"></fft_grid>
      <fft_smooth nr1="24" nr2="24" nr3="108"></fft_smooth>
      <fft_box nr1="36" nr2="36" nr3="150"></fft_box>
      <ngm>69899</ngm>
      <ngms>24741</ngms>
      <npwx>3110</npwx>
      <reciprocal_lattice>
        <b1>1.000000000000000e0 5.773502691880240e-1 0.000000000000000e0</b1>
        <b2>0.000000000000000e0 1.154700538376048e0 0.000000000000000e0</b2>
        <b3>0.000000000000000e0 0.000000000000000e0 2.144172889529434e-1</b3>
      </reciprocal_lattice>
    </basis_set>
    <dft>
      <functional>PBESOL</functional>
    </dft>
    <magnetization>
      <lsda>false</lsda>
      <noncolin>false</noncolin>
      <spinorbit>false</spinorbit>
      <absolute>0.000000000000000e0</absolute>
    </magnetization>
    <total_energy>
      <etot>-1.853755768757857e2</etot>
      <eband>-1.707570063119262e1</eband>
      <ehart>8.733530529355248e1</ehart>
      <vtxc>-3.263174191912109e1</vtxc>
      <etxc>-3.223560332856568e1</etxc>
      <ewald>-8.136104564616947e1</ewald>
      <demet>-7.414231931389702e-16</demet>
    </total_energy>
    <band_structure>
      <lsda>false</lsda>
      <noncolin>false</noncolin>
      <spinorbit>false</spinorbit>
      <nbnd>31</nbnd>
      <nelec>5.200000000000000e1</nelec>
      <num_of_atomic_wfc>36</num_of_atomic_wfc>
      <wf_collected>true</wf_collected>
      <fermi_energy>3.114640728236439e-1</fermi_energy>
      <starting_k_points>
        <monkhorst_pack nk1="5" nk2="5" nk3="1" k1="0" k2="0" k3="0">Monkhorst-Pack</monkhorst_pack>
      </starting_k_points>
      <nks>5</nks>
      <occupations_kind>smearing</occupations_kind>
      <smearing degauss="5.000000000000e-3">mv</smearing>
      <ks_energies>
        <k_point weight="8.000000000000e-2">0.000000000000000e0 0.000000000000000e0 0.000000000000000e0</k_point>
        <npw>3089</npw>
        <eigenvalues size="31">
          -1.967333883306778e0 -1.967333180139157e0 -1.017904228277275e0 -1.017903677290968e0 -1.010425773681444e0
          -1.010425773669552e0 -1.010425731685738e0 -1.010425731681168e0 -2.497109965122879e-1 -2.490183252043505e-1
          -2.019226519440664e-1 -2.006467997808921e-1 5.765782468472627e-2 6.357973528499741e-2 1.707786794394739e-1
          1.707786794998229e-1 1.707969690728332e-1 1.707969690787290e-1 1.920903304206400e-1 2.115632721321589e-1
          2.115632721370042e-1 2.116344607851461e-1 2.116344607891678e-1 2.129787328838670e-1 2.597912398429820e-1
          2.739438503539359e-1 3.675445131564656e-1 3.675445155803104e-1 3.676086683585047e-1 3.676086702102390e-1
          3.767249421867076e-1
          </eigenvalues>
        <occupations size="31">
          1.000000000000000e0 1.000000000000000e0 1.000000000000000e0 1.000000000000000e0 1.000000000000000e0
          1.000000000000000e0 1.000000000000000e0 1.000000000000000e0 1.000000000000000e0 1.000000000000000e0
          1.000000000000000e0 1.000000000000000e0 1.000000000000000e0 1.000000000000000e0 1.000000000000000e0
          1.000000000000000e0 1.000000000000000e0 1.000000000000000e0 1.000000000000000e0 1.000000000000000e0
          1.000000000000000e0 1.000000000000000e0 1.000000000000000e0 1.000000000000000e0 1.000000000000000e0
          1.000000000000000e0 0.000000000000000e0 0.000000000000000e0 0.000000000000000e0 0.000000000000000e0
          0.000000000000000e0
          </occupations>
      </ks_energies>
      <ks_energies>
        <k_point weight="4.800000000000e-1">0.000000000000000e0 2.309401076752096e-1 0.000000000000000e0</k_point>
        <npw>3102</npw>
        <eigenvalues size="31">
          -1.966870272203447e0 -1.966870033259909e0 -1.016974466701734e0 -1.016974414466754e0 -1.015152685782444e0
          -1.015152596199928e0 -1.011507748537166e0 -1.011507640719574e0 -2.294252646825945e-1 -2.287735690476405e-1
          -1.934554209509949e-1 -1.924248087854629e-1 7.758312494362261e-2 8.285329853703814e-2 1.347748936492883e-1
          1.353574360377919e-1 1.477515210504634e-1 1.529368509327970e-1 1.850700742867788e-1 1.851856638695007e-1
          1.915252844559659e-1 1.916093287785947e-1 2.205123877149298e-1 2.297323444039968e-1 2.479875349282248e-1
          2.517850465861761e-1 3.417596242573218e-1 3.533888540159016e-1 3.581180863446045e-1 3.586852212323403e-1
          3.603477079213519e-1
          </eigenvalues>
        <occupations size="31">
          1.000000000000000e0 1.000000000000000e0 1.000000000000000e0 1.000000000000000e0 1.000000000000000e0
          1.000000000000000e0 1.000000000000000e0 1.000000000000000e0 1.000000000000000e0 1.000000000000000e0
          1.000000000000000e0 1.000000000000000e0 1.000000000000000e0 1.000000000000000e0 1.000000000000000e0
          1.000000000000000e0 1.000000000000000e0 1.000000000000000e0 1.000000000000000e0 1.000000000000000e0
          1.000000000000000e0 1.000000000000000e0 1.000000000000000e0 1.000000000000000e0 1.000000000000000e0
          1.000000000000000e0 0.000000000000000e0 0.000000000000000e0 0.000000000000000e0 0.000000000000000e0
          0.000000000000000e0
          </occupations>
      </ks_energies>
      <ks_energies>
        <k_point weight="4.800000000000e-1">0.000000000000000e0 4.618802153504192e-1 0.000000000000000e0</k_point>
        <npw>3110</npw>
        <eigenvalues size="31">
          -1.966117863140558e0 -1.966117235144578e0 -1.022601320831452e0 -1.022601280283558e0 -1.015461153174809e0
          -1.015460989609239e0 -1.013243911338518e0 -1.013243774882954e0 -1.893456028115639e-1 -1.889538099167847e-1
          -1.772095191604766e-1 -1.767677495474325e-1 6.242529257917760e-2 6.356680873815681e-2 9.915122779813304e-2
          1.005031219223947e-1 1.196803308191376e-1 1.227082300535253e-1 1.550230945319390e-1 1.551705623703111e-1
          2.002045522149147e-1 2.034646966604943e-1 2.256880014164592e-1 2.260424652323584e-1 2.339220012375625e-1
          2.357742710230618e-1 3.465982429160805e-1 3.468712566186873e-1 3.568373033423951e-1 3.622043439544484e-1
          3.961879215254038e-1
          </eigenvalues>
        <occupations size="31">
          1.000000000000000e0 1.000000000000000e0 1.000000000000000e0 1.000000000000000e0 1.000000000000000e0
          1.000000000000000e0 1.000000000000000e0 1.000000000000000e0 1.000000000000000e0 1.000000000000000e0
          1.000000000000000e0 1.000000000000000e0 1.000000000000000e0 1.000000000000000e0 1.000000000000000e0
          1.000000000000000e0 1.000000000000000e0 1.000000000000000e0 1.000000000000000e0 1.000000000000000e0
          1.000000000000000e0 1.000000000000000e0 1.000000000000000e0 1.000000000000000e0 1.000000000000000e0
          1.000000000000000e0 0.000000000000000e0 0.000000000000000e0 0.000000000000000e0 0.000000000000000e0
          0.000000000000000e0
          </occupations>
      </ks_energies>
      <ks_energies>
        <k_point weight="4.800000000000e-1">2.000000000000000e-1 3.464101615128144e-1 0.000000000000000e0</k_point>
        <npw>3096</npw>
        <eigenvalues size="31">
          -1.966261769677325e0 -1.966261236274534e0 -1.020002030122112e0 -1.020001972947844e0 -1.015751875713228e0
          -1.015751865743447e0 -1.014148301727043e0 -1.014148246575554e0 -1.983364342451955e-1 -1.978377263821306e-1
          -1.803498362958176e-1 -1.797256159091232e-1 8.078323492395445e-2 8.251461482585571e-2 1.121496412381919e-1
          1.127703605044546e-1 1.289651714186469e-1 1.313253357250447e-1 1.434332565406999e-1 1.473297512596682e-1
          1.842600402313878e-1 1.843383321391442e-1 2.208980104890129e-1 2.229467979710696e-1 2.379510796591604e-1
          2.380161109367774e-1 3.351224296695604e-1 3.448166830674551e-1 3.583712004947607e-1 3.603522136733690e-1
          3.672192638308875e-1
          </eigenvalues>
        <occupations size="31">
          1.000000000000000e0 1.000000000000000e0 1.000000000000000e0 1.000000000000000e0 1.000000000000000e0
          1.000000000000000e0 1.000000000000000e0 1.000000000000000e0 1.000000000000000e0 1.000000000000000e0
          1.000000000000000e0 1.000000000000000e0 1.000000000000000e0 1.000000000000000e0 1.000000000000000e0
          1.000000000000000e0 1.000000000000000e0 1.000000000000000e0 1.000000000000000e0 1.000000000000000e0
          1.000000000000000e0 1.000000000000000e0 1.000000000000000e0 1.000000000000000e0 1.000000000000000e0
          1.000000000000000e0 6.405986852087153e-14 0.000000000000000e0 0.000000000000000e0 0.000000000000000e0
          0.000000000000000e0
          </occupations>
      </ks_energies>
      <ks_energies>
        <k_point weight="4.800000000000e-1">2.000000000000000e-1 5.773502691880240e-1 0.000000000000000e0</k_point>
        <npw>3090</npw>
        <eigenvalues size="31">
          -1.965884399650907e0 -1.965884270712719e0 -1.022309793292214e0 -1.022309643598503e0 -1.016424129134770e0
          -1.016424059375851e0 -1.014993383284494e0 -1.014993329697705e0 -1.750446657514350e-1 -1.748788425589610e-1
          -1.703030597712572e-1 -1.701417323280888e-1 7.459160938025622e-2 7.539611628539634e-2 7.682986696014510e-2
          7.708619168019935e-2 1.221551542395754e-1 1.242014022402691e-1 1.526279304683618e-1 1.546068109740396e-1
          1.662786570866020e-1 1.670489495575100e-1 1.957647891534893e-1 1.973995282504165e-1 2.563995523748994e-1
          2.572620064728441e-1 3.398781146596586e-1 3.405241183296485e-1 3.817021876970762e-1 3.819979036748585e-1
          3.850258479303168e-1
          </eigenvalues>
        <occupations size="31">
          1.000000000000000e0 1.000000000000000e0 1.000000000000000e0 1.000000000000000e0 1.000000000000000e0
          1.000000000000000e0 1.000000000000000e0 1.000000000000000e0 1.000000000000000e0 1.000000000000000e0
          1.000000000000000e0 1.000000000000000e0 1.000000000000000e0 1.000000000000000e0 1.000000000000000e0
          1.000000000000000e0 1.000000000000000e0 1.000000000000000e0 1.000000000000000e0 1.000000000000000e0
          1.000000000000000e0 1.000000000000000e0 1.000000000000000e0 1.000000000000000e0 1.000000000000000e0
          1.000000000000000e0 0.000000000000000e0 0.000000000000000e0 0.000000000000000e0 0.000000000000000e0
          0.000000000000000e0
          </occupations>
      </ks_energies>
    </band_structure>
    <forces rank="2" dims="3 6">
      0.000000000000000e0 4.402674207818842e-29 -4.510544444225443e-31
      0.000000000000000e0 -3.148671140350442e-28 -2.255272222112722e-31
      0.000000000000000e0 2.742941939647136e-28 -8.152038824759517e-3
      0.000000000000000e0 -3.248869932666318e-29 -8.152038824759517e-3
      0.000000000000000e0 5.207300873385734e-29 8.152038824759517e-3
      0.000000000000000e0 1.326874916425403e-28 8.152038824759517e-3
      </forces>
    <stress rank="2" dims="3 3">
      -1.568814487672447e-4 4.065758146820642e-20 0.000000000000000e0
      4.065758146820642e-20 -1.568814487663742e-4 1.271564477079154e-34
      -2.202414279406955e-34 -2.543128954158309e-34 -1.163513324464356e-4
      </stress>
  </output>
  <exit_status>0</exit_status>
  <timing_info>
    <total label="PWSCF">
      <cpu>3.553082000000000e1</cpu>
      <wall>7.077458882331848e1</wall>
    </total>
    <partial label="init_run" calls="1">
      <cpu>2.822968000000000e0</cpu>
      <wall>5.469625949859619e0</wall>
    </partial>
    <partial label="hinit0" calls="1">
      <cpu>1.321691000000000e0</cpu>
      <wall>2.427460908889771e0</wall>
    </partial>
    <partial label="init_vloc" calls="1">
      <cpu>1.301390000000000e-1</cpu>
      <wall>2.059700489044189e-1</wall>
    </partial>
    <partial label="init_us_1" calls="1">
      <cpu>5.060330000000000e-1</cpu>
      <wall>9.135160446166992e-1</wall>
    </partial>
    <partial label="fft" calls="193">
      <cpu>1.318500999999983e0</cpu>
      <wall>2.207234621047974e0</wall>
    </partial>
    <partial label="potinit" calls="1">
      <cpu>6.363809999999999e-1</cpu>
      <wall>1.163429021835327e0</wall>
    </partial>
    <partial label="v_of_rho" calls="13">
      <cpu>1.795089999999998e0</cpu>
      <wall>3.197216033935547e0</wall>
    </partial>
    <partial label="v_xc" calls="15">
      <cpu>1.956209999999988e0</cpu>
      <wall>3.488255500793457e0</wall>
    </partial>
    <partial label="v_h" calls="13">
      <cpu>8.279699999999579e-2</cpu>
      <wall>1.545867919921875e-1</wall>
    </partial>
    <partial label="interpolate" calls="13">
      <cpu>4.651769999999935e-1</cpu>
      <wall>8.493268489837646e-1</wall>
    </partial>
    <partial label="ffts" calls="26">
      <cpu>4.124389999999991e-1</cpu>
      <wall>7.962205410003662e-1</wall>
    </partial>
    <partial label="newd" calls="13">
      <cpu>3.346090000000000e0</cpu>
      <wall>9.533586502075195e0</wall>
    </partial>
    <partial label="wfcinit" calls="1">
      <cpu>6.389049999999998e-1</cpu>
      <wall>1.172174930572510e0</wall>
    </partial>
    <partial label="init_us_2" calls="145">
      <cpu>3.487559999999803e-1</cpu>
      <wall>5.276029109954834e-1</wall>
    </partial>
    <partial label="init_us_2:cp" calls="145">
      <cpu>3.476769999999902e-1</cpu>
      <wall>5.269379615783691e-1</wall>
    </partial>
    <partial label="wfcinit:atom" calls="5">
      <cpu>7.159999999999833e-3</cpu>
      <wall>7.230997085571289e-3</wall>
    </partial>
    <partial label="atomic_wfc" calls="5">
      <cpu>7.123000000000435e-3</cpu>
      <wall>7.197141647338867e-3</wall>
    </partial>
    <partial label="wfcinit:wfcr" calls="5">
      <cpu>5.842950000000000e-1</cpu>
      <wall>1.117317914962769e0</wall>
    </partial>
    <partial label="wfcrot" calls="5">
      <cpu>5.842670000000001e-1</cpu>
      <wall>1.117299318313599e0</wall>
    </partial>
    <partial label="rotwfck" calls="5">
      <cpu>5.841650000000005e-1</cpu>
      <wall>1.117196798324585e0</wall>
    </partial>
    <partial label="rotwfck:hpsi" calls="5">
      <cpu>5.323879999999996e-1</cpu>
      <wall>9.247379302978516e-1</wall>
    </partial>
    <partial label="h_psi_bgrp" calls="284">
      <cpu>1.169740000000002e1</cpu>
      <wall>2.101103401184082e1</wall>
    </partial>
    <partial label="h_psi" calls="284">
      <cpu>1.169618499999996e1</cpu>
      <wall>2.101007986068726e1</wall>
    </partial>
    <partial label="h_psi:pot" calls="284">
      <cpu>1.163553500000007e1</cpu>
      <wall>2.090576505661011e1</wall>
    </partial>
    <partial label="vloc_psi" calls="284">
      <cpu>9.585191999999999e0</cpu>
      <wall>1.751684260368347e1</wall>
    </partial>
    <partial label="fftw" calls="12905">
      <cpu>9.782730000000161e0</cpu>
      <wall>1.752654647827149e1</wall>
    </partial>
    <partial label="h_psi:calbec" calls="284">
      <cpu>1.230176999999976e0</cpu>
      <wall>2.031901121139526e0</wall>
    </partial>
    <partial label="calbec" calls="374">
      <cpu>1.721705000000021e0</cpu>
      <wall>3.052088260650635e0</wall>
    </partial>
    <partial label="add_vuspsi" calls="284">
      <cpu>8.164620000000298e-1</cpu>
      <wall>1.354143857955933e0</wall>
    </partial>
    <partial label="rotwfck:hc" calls="5">
      <cpu>3.698900000000060e-2</cpu>
      <wall>1.309773921966553e-1</wall>
    </partial>
    <partial label="s_psi_bgrp" calls="284">
      <cpu>8.569400000000158e-1</cpu>
      <wall>1.660865306854248e0</wall>
    </partial>
    <partial label="s_psi" calls="284">
      <cpu>7.920490000000093e-1</cpu>
      <wall>1.556066036224365e0</wall>
    </partial>
    <partial label="rotwfck:diag" calls="5">
      <cpu>5.673999999999513e-3</cpu>
      <wall>6.011009216308594e-3</wall>
    </partial>
    <partial label="cdiaghg" calls="274">
      <cpu>3.985500000000002e-1</cpu>
      <wall>7.516200542449951e-1</wall>
    </partial>
    <partial label="rotwfck:evc" calls="5">
      <cpu>9.031999999999929e-3</cpu>
      <wall>5.541110038757324e-2</wall>
    </partial>
    <partial label="electrons" calls="1">
      <cpu>2.740985200000000e1</cpu>
      <wall>5.531536602973938e1</wall>
    </partial>
    <partial label="c_bands" calls="13">
      <cpu>1.618066700000000e1</cpu>
      <wall>2.864745187759400e1</wall>
    </partial>
    <partial label="cegterg" calls="65">
      <cpu>1.485360800000001e1</cpu>
      <wall>2.632092666625977e1</wall>
    </partial>
    <partial label="cegterg:init" calls="65">
      <cpu>2.700020000000087e-1</cpu>
      <wall>3.714582920074463e-1</wall>
    </partial>
    <partial label="cegterg:upda" calls="214">
      <cpu>3.653009999999703e-1</cpu>
      <wall>7.238841056823730e-1</wall>
    </partial>
    <partial label="g_psi" calls="214">
      <cpu>1.155119999999847e-1</cpu>
      <wall>2.027328014373779e-1</wall>
    </partial>
    <partial label="cegterg:over" calls="214">
      <cpu>8.153620000000110e-1</cpu>
      <wall>1.157223701477051e0</wall>
    </partial>
    <partial label="cegterg:diag" calls="269">
      <cpu>3.946290000000339e-1</cpu>
      <wall>7.469923496246338e-1</wall>
    </partial>
    <partial label="cegterg:last" calls="147">
      <cpu>8.092120000000023e-1</cpu>
      <wall>1.242264986038208e0</wall>
    </partial>
    <partial label="sum_band" calls="13">
      <cpu>6.105762999999996e0</cpu>
      <wall>1.428228116035462e1</wall>
    </partial>
    <partial label="sum_band:wei" calls="13">
      <cpu>7.649999999976842e-4</cpu>
      <wall>7.669925689697266e-4</wall>
    </partial>
    <partial label="sum_band:loo" calls="13">
      <cpu>2.386712999999997e0</cpu>
      <wall>4.339501857757568e0</wall>
    </partial>
    <partial label="sum_band:buf" calls="65">
      <cpu>2.259599999997164e-2</cpu>
      <wall>4.690957069396973e-2</wall>
    </partial>
    <partial label="sum_band:ini" calls="65">
      <cpu>1.594410000000117e-1</cpu>
      <wall>2.550652027130127e-1</wall>
    </partial>
    <partial label="sum_band:cal" calls="65">
      <cpu>3.777550000000005e-1</cpu>
      <wall>7.962703704833984e-1</wall>
    </partial>
    <partial label="sum_band:bec" calls="65">
      <cpu>4.691999999977270e-3</cpu>
      <wall>4.881381988525391e-3</wall>
    </partial>
    <partial label="addusdens" calls="13">
      <cpu>3.473357000000007e0</cpu>
      <wall>9.513756513595581e0</wall>
    </partial>
    <partial label="addusd:skk" calls="13">
      <cpu>2.519300000000158e-2</cpu>
      <wall>6.791925430297852e-2</wall>
    </partial>
    <partial label="addusd:dgemm" calls="13">
      <cpu>9.029840000000036e-1</cpu>
      <wall>4.589677810668945e0</wall>
    </partial>
    <partial label="addusd:qvan2" calls="13">
      <cpu>1.894746999999995e0</cpu>
      <wall>3.204452991485596e0</wall>
    </partial>
    <partial label="sum_band:sym" calls="13">
      <cpu>2.049510000000012e-1</cpu>
      <wall>3.881647586822510e-1</wall>
    </partial>
    <partial label="mix_rho" calls="13">
      <cpu>1.773709999999973e-1</cpu>
      <wall>2.406990528106689e-1</wall>
    </partial>
    <partial label="ions" calls="1">
      <cpu>5.092676999999998e0</cpu>
      <wall>9.597254037857056e0</wall>
    </partial>
    <partial label="forces" calls="1">
      <cpu>1.098344000000001e0</cpu>
      <wall>2.132189035415649e0</wall>
    </partial>
    <partial label="frc_us" calls="1">
      <cpu>5.070960000000007e-1</cpu>
      <wall>1.083969831466675e0</wall>
    </partial>
    <partial label="frc_lc" calls="1">
      <cpu>2.486099999999780e-2</cpu>
      <wall>2.487683296203613e-2</wall>
    </partial>
    <partial label="frc_cc" calls="1">
      <cpu>2.656409999999987e-1</cpu>
      <wall>5.058319568634033e-1</wall>
    </partial>
    <partial label="frc_scc" calls="1">
      <cpu>2.641000000000027e-1</cpu>
      <wall>4.371581077575684e-1</wall>
    </partial>
    <partial label="stress" calls="1">
      <cpu>3.994288999999998e0</cpu>
      <wall>7.465034008026123e0</wall>
    </partial>
    <partial label="stres_us31" calls="5">
      <cpu>2.759999999994989e-4</cpu>
      <wall>2.489089965820313e-4</wall>
    </partial>
    <partial label="stres_us32" calls="5">
      <cpu>2.507999999977528e-3</cpu>
      <wall>2.512216567993164e-3</wall>
    </partial>
    <partial label="stres_us33" calls="5">
      <cpu>4.224999999998147e-3</cpu>
      <wall>4.328012466430664e-3</wall>
    </partial>
    <partial label="stres_us34" calls="5">
      <cpu>8.723000000003367e-3</cpu>
      <wall>8.827209472656250e-3</wall>
    </partial>
  </timing_info>
  <closed DATE="21 Feb 2023" TIME="10:49:56"></closed>
</qes:espresso>
