<?xml version="1.0" encoding="UTF-8"?>
<qes:espresso xsi:schemaLocation="http://www.quantum-espresso.org/ns/qes/qes-1.0 http://www.quantum-espresso.org/ns/qes/qes_210716.xsd" Units="Hartree atomic units" xmlns:xsi="http://www.w3.org/2001/XMLSchema-instance" xmlns:qes="http://www.quantum-espresso.org/ns/qes/qes-1.0">
  <!--All quantities are in Hartree atomic units unless otherwise specified-->
  <general_info>
    <xml_format NAME="QEXSD" VERSION="21.11.01">QEXSD_21.11.01</xml_format>
    <creator NAME="PWSCF" VERSION="7.0">XML file generated by PWSCF</creator>
    <created DATE="21Feb2023" TIME="11:25:35">This run was terminated on:  11:25:35  21 Feb 2023</created>
    <job></job>
  </general_info>
  <parallel_info>
    <nprocs>1</nprocs>
    <nthreads>1</nthreads>
    <ntasks>1</ntasks>
    <nbgrp>1</nbgrp>
    <npool>1</npool>
    <ndiag>1</ndiag>
  </parallel_info>
  <input>
    <control_variables>
      <title></title>
      <calculation>nscf</calculation>
      <restart_mode>from_scratch</restart_mode>
      <prefix>aiida</prefix>
      <pseudo_dir>./pseudo/</pseudo_dir>
      <outdir>./out/</outdir>
      <stress>true</stress>
      <forces>true</forces>
      <wf_collect>true</wf_collect>
      <disk_io>low</disk_io>
      <max_seconds>41040</max_seconds>
      <nstep>1</nstep>
      <etot_conv_thr>2.999999999999999e-4</etot_conv_thr>
      <forc_conv_thr>5.000000000000000e-4</forc_conv_thr>
      <press_conv_thr>5.000000000000000e-1</press_conv_thr>
      <verbosity>high</verbosity>
      <print_every>100000</print_every>
    </control_variables>
    <atomic_species ntyp="2">
      <species name="Mo">
        <mass>9.595000000000001e1</mass>
        <pseudo_file>Mo_ONCV_PBEsol-1.0.upf</pseudo_file>
      </species>
      <species name="S">
        <mass>3.206000000000000e1</mass>
        <pseudo_file>s_pbesol_v1.4.uspp.F.UPF</pseudo_file>
      </species>
    </atomic_species>
    <atomic_structure nat="6" alat="6.028822924094e0">
      <atomic_positions>
        <atom name="Mo" index="1">0.000000000000000e0 3.480742538131771e0 7.029310641802834e0</atom>
        <atom name="Mo" index="2">3.014411462046876e0 1.740371269065886e0 2.108793192540850e1</atom>
        <atom name="S" index="3">3.014411462046876e0 1.740371269065886e0 9.986513511574277e0</atom>
        <atom name="S" index="4">0.000000000000000e0 3.480742538131771e0 2.404513479517995e1</atom>
        <atom name="S" index="5">3.014411462046876e0 1.740371269065886e0 4.072107772031390e0</atom>
        <atom name="S" index="6">0.000000000000000e0 3.480742538131771e0 1.813072905563706e1</atom>
      </atomic_positions>
      <cell>
        <a1>6.028822924093752e0 0.000000000000000e0 0.000000000000000e0</a1>
        <a2>-3.014411462046876e0 5.221113807197657e0 0.000000000000000e0</a2>
        <a3>0.000000000000000e0 0.000000000000000e0 2.811724256721133e1</a3>
      </cell>
    </atomic_structure>
    <dft>
      <functional>PBESOL</functional>
    </dft>
    <spin>
      <lsda>false</lsda>
      <noncolin>false</noncolin>
      <spinorbit>false</spinorbit>
    </spin>
    <bands>
      <tot_charge>0.000000000000000e0</tot_charge>
      <occupations>tetrahedra</occupations>
    </bands>
    <basis>
      <gamma_only>false</gamma_only>
      <ecutwfc>1.750000000000000e1</ecutwfc>
      <ecutrho>1.400000000000000e2</ecutrho>
    </basis>
    <electron_control>
      <diagonalization>davidson</diagonalization>
      <mixing_mode>plain</mixing_mode>
      <mixing_beta>4.000000000000000e-1</mixing_beta>
      <conv_thr>1.200000000000000e-9</conv_thr>
      <mixing_ndim>8</mixing_ndim>
      <max_nstep>80</max_nstep>
      <real_space_q>false</real_space_q>
      <real_space_beta>false</real_space_beta>
      <tq_smoothing>false</tq_smoothing>
      <tbeta_smoothing>false</tbeta_smoothing>
      <diago_thr_init>0.000000000000000e0</diago_thr_init>
      <diago_full_acc>false</diago_full_acc>
      <diago_cg_maxiter>20</diago_cg_maxiter>
      <diago_ppcg_maxiter>20</diago_ppcg_maxiter>
      <diago_rmm_ndim>4</diago_rmm_ndim>
      <diago_gs_nblock>16</diago_gs_nblock>
      <diago_rmm_conv>false</diago_rmm_conv>
    </electron_control>
    <k_points_IBZ>
      <monkhorst_pack nk1="5" nk2="5" nk3="1" k1="0" k2="0" k3="0">Monkhorst-Pack</monkhorst_pack>
    </k_points_IBZ>
    <ion_control>
      <ion_dynamics>none</ion_dynamics>
      <upscale>1.000000000000000e2</upscale>
      <remove_rigid_rot>false</remove_rigid_rot>
      <refold_pos>false</refold_pos>
    </ion_control>
    <cell_control>
      <cell_dynamics>none</cell_dynamics>
      <pressure>0.000000000000000e0</pressure>
      <wmass>3.201400000000000e2</wmass>
      <cell_do_free>all</cell_do_free>
    </cell_control>
    <symmetry_flags>
      <nosym>true</nosym>
      <nosym_evc>false</nosym_evc>
      <noinv>false</noinv>
      <no_t_rev>false</no_t_rev>
      <force_symmorphic>false</force_symmorphic>
      <use_all_frac>false</use_all_frac>
    </symmetry_flags>
  </input>
  <output>
    <convergence_info>
      <scf_conv>
        <convergence_achieved>false</convergence_achieved>
        <n_scf_steps>1</n_scf_steps>
        <scf_error>0.000000000000000e0</scf_error>
      </scf_conv>
    </convergence_info>
    <algorithmic_info>
      <real_space_q>false</real_space_q>
      <real_space_beta>false</real_space_beta>
      <uspp>true</uspp>
      <paw>false</paw>
    </algorithmic_info>
    <atomic_species ntyp="2" pseudo_dir="./pseudo/">
      <species name="Mo">
        <mass>9.595000000000001e1</mass>
        <pseudo_file>Mo_ONCV_PBEsol-1.0.upf</pseudo_file>
      </species>
      <species name="S">
        <mass>3.206000000000000e1</mass>
        <pseudo_file>s_pbesol_v1.4.uspp.F.UPF</pseudo_file>
      </species>
    </atomic_species>
    <atomic_structure nat="6" alat="6.028822924094e0">
      <atomic_positions>
        <atom name="Mo" index="1">0.000000000000000e0 3.480742538131771e0 7.029310641802834e0</atom>
        <atom name="Mo" index="2">3.014411462046876e0 1.740371269065886e0 2.108793192540850e1</atom>
        <atom name="S" index="3">3.014411462046876e0 1.740371269065886e0 9.986513511574277e0</atom>
        <atom name="S" index="4">0.000000000000000e0 3.480742538131771e0 2.404513479517995e1</atom>
        <atom name="S" index="5">3.014411462046876e0 1.740371269065886e0 4.072107772031390e0</atom>
        <atom name="S" index="6">0.000000000000000e0 3.480742538131771e0 1.813072905563706e1</atom>
      </atomic_positions>
      <cell>
        <a1>6.028822924093752e0 0.000000000000000e0 0.000000000000000e0</a1>
        <a2>-3.014411462046876e0 5.221113807197657e0 0.000000000000000e0</a2>
        <a3>0.000000000000000e0 0.000000000000000e0 2.811724256721133e1</a3>
      </cell>
    </atomic_structure>
    <symmetries>
      <nsym>1</nsym>
      <nrot>24</nrot>
      <space_group>0</space_group>
      <symmetry>
        <info name="identity" class="not found">crystal_symmetry</info>
        <rotation rank="2" dims="3 3">
          1.000000000000000e0 0.000000000000000e0 0.000000000000000e0
          0.000000000000000e0 1.000000000000000e0 0.000000000000000e0
          0.000000000000000e0 0.000000000000000e0 1.000000000000000e0
          </rotation>
        <fractional_translation>0.000000000000000e0 0.000000000000000e0 0.000000000000000e0</fractional_translation>
        <equivalent_atoms size="6" nat="6">
          1 2 3 4 5 6
          </equivalent_atoms>
      </symmetry>
      <symmetry>
        <info name="180 deg rotation - cart. axis [0,0,1]" class="not found">lattice_symmetry</info>
        <rotation rank="2" dims="3 3">
          -1.000000000000000e0 0.000000000000000e0 0.000000000000000e0
          0.000000000000000e0 -1.000000000000000e0 0.000000000000000e0
          0.000000000000000e0 0.000000000000000e0 1.000000000000000e0
          </rotation>
      </symmetry>
      <symmetry>
        <info name="180 deg rotation - cart. axis [0,1,0]" class="not found">lattice_symmetry</info>
        <rotation rank="2" dims="3 3">
          -1.000000000000000e0 1.000000000000000e0 0.000000000000000e0
          0.000000000000000e0 1.000000000000000e0 0.000000000000000e0
          0.000000000000000e0 0.000000000000000e0 -1.000000000000000e0
          </rotation>
      </symmetry>
      <symmetry>
        <info name="180 deg rotation - cart. axis [1,0,0]" class="not found">lattice_symmetry</info>
        <rotation rank="2" dims="3 3">
          1.000000000000000e0 -1.000000000000000e0 0.000000000000000e0
          0.000000000000000e0 -1.000000000000000e0 0.000000000000000e0
          0.000000000000000e0 0.000000000000000e0 -1.000000000000000e0
          </rotation>
      </symmetry>
      <symmetry>
        <info name=" 60 deg rotation - cryst. axis [0,0,1]" class="not found">lattice_symmetry</info>
        <rotation rank="2" dims="3 3">
          1.000000000000000e0 -1.000000000000000e0 0.000000000000000e0
          1.000000000000000e0 0.000000000000000e0 0.000000000000000e0
          0.000000000000000e0 0.000000000000000e0 1.000000000000000e0
          </rotation>
      </symmetry>
      <symmetry>
        <info name=" 60 deg rotation - cryst. axis [0,0,-1]" class="not found">lattice_symmetry</info>
        <rotation rank="2" dims="3 3">
          0.000000000000000e0 1.000000000000000e0 0.000000000000000e0
          -1.000000000000000e0 1.000000000000000e0 0.000000000000000e0
          0.000000000000000e0 0.000000000000000e0 1.000000000000000e0
          </rotation>
      </symmetry>
      <symmetry>
        <info name="120 deg rotation - cryst. axis [0,0,1]" class="not found">lattice_symmetry</info>
        <rotation rank="2" dims="3 3">
          0.000000000000000e0 -1.000000000000000e0 0.000000000000000e0
          1.000000000000000e0 -1.000000000000000e0 0.000000000000000e0
          0.000000000000000e0 0.000000000000000e0 1.000000000000000e0
          </rotation>
      </symmetry>
      <symmetry>
        <info name="120 deg rotation - cryst. axis [0,0,-1]" class="not found">lattice_symmetry</info>
        <rotation rank="2" dims="3 3">
          -1.000000000000000e0 1.000000000000000e0 0.000000000000000e0
          -1.000000000000000e0 0.000000000000000e0 0.000000000000000e0
          0.000000000000000e0 0.000000000000000e0 1.000000000000000e0
          </rotation>
      </symmetry>
      <symmetry>
        <info name="180 deg rotation - cryst. axis [1,-1,0]" class="not found">lattice_symmetry</info>
        <rotation rank="2" dims="3 3">
          0.000000000000000e0 -1.000000000000000e0 0.000000000000000e0
          -1.000000000000000e0 0.000000000000000e0 0.000000000000000e0
          0.000000000000000e0 0.000000000000000e0 -1.000000000000000e0
          </rotation>
      </symmetry>
      <symmetry>
        <info name="180 deg rotation - cryst. axis [2,1,0]" class="not found">lattice_symmetry</info>
        <rotation rank="2" dims="3 3">
          1.000000000000000e0 0.000000000000000e0 0.000000000000000e0
          1.000000000000000e0 -1.000000000000000e0 0.000000000000000e0
          0.000000000000000e0 0.000000000000000e0 -1.000000000000000e0
          </rotation>
      </symmetry>
      <symmetry>
        <info name="180 deg rotation - cryst. axis [0,1,0]" class="not found">lattice_symmetry</info>
        <rotation rank="2" dims="3 3">
          -1.000000000000000e0 0.000000000000000e0 0.000000000000000e0
          -1.000000000000000e0 1.000000000000000e0 0.000000000000000e0
          0.000000000000000e0 0.000000000000000e0 -1.000000000000000e0
          </rotation>
      </symmetry>
      <symmetry>
        <info name="180 deg rotation - cryst. axis [1,1,0]" class="not found">lattice_symmetry</info>
        <rotation rank="2" dims="3 3">
          0.000000000000000e0 1.000000000000000e0 0.000000000000000e0
          1.000000000000000e0 0.000000000000000e0 0.000000000000000e0
          0.000000000000000e0 0.000000000000000e0 -1.000000000000000e0
          </rotation>
      </symmetry>
      <symmetry>
        <info name="inversion" class="not found">lattice_symmetry</info>
        <rotation rank="2" dims="3 3">
          -1.000000000000000e0 0.000000000000000e0 0.000000000000000e0
          0.000000000000000e0 -1.000000000000000e0 0.000000000000000e0
          0.000000000000000e0 0.000000000000000e0 -1.000000000000000e0
          </rotation>
      </symmetry>
      <symmetry>
        <info name="inv. 180 deg rotation - cart. axis [0,0,1]" class="not found">lattice_symmetry</info>
        <rotation rank="2" dims="3 3">
          1.000000000000000e0 0.000000000000000e0 0.000000000000000e0
          0.000000000000000e0 1.000000000000000e0 0.000000000000000e0
          0.000000000000000e0 0.000000000000000e0 -1.000000000000000e0
          </rotation>
      </symmetry>
      <symmetry>
        <info name="inv. 180 deg rotation - cart. axis [0,1,0]" class="not found">lattice_symmetry</info>
        <rotation rank="2" dims="3 3">
          1.000000000000000e0 -1.000000000000000e0 0.000000000000000e0
          0.000000000000000e0 -1.000000000000000e0 0.000000000000000e0
          0.000000000000000e0 0.000000000000000e0 1.000000000000000e0
          </rotation>
      </symmetry>
      <symmetry>
        <info name="inv. 180 deg rotation - cart. axis [1,0,0]" class="not found">lattice_symmetry</info>
        <rotation rank="2" dims="3 3">
          -1.000000000000000e0 1.000000000000000e0 0.000000000000000e0
          0.000000000000000e0 1.000000000000000e0 0.000000000000000e0
          0.000000000000000e0 0.000000000000000e0 1.000000000000000e0
          </rotation>
      </symmetry>
      <symmetry>
        <info name="inv.  60 deg rotation - cryst. axis [0,0,1]" class="not found">lattice_symmetry</info>
        <rotation rank="2" dims="3 3">
          -1.000000000000000e0 1.000000000000000e0 0.000000000000000e0
          -1.000000000000000e0 0.000000000000000e0 0.000000000000000e0
          0.000000000000000e0 0.000000000000000e0 -1.000000000000000e0
          </rotation>
      </symmetry>
      <symmetry>
        <info name="inv.  60 deg rotation - cryst. axis [0,0,-1]" class="not found">lattice_symmetry</info>
        <rotation rank="2" dims="3 3">
          0.000000000000000e0 -1.000000000000000e0 0.000000000000000e0
          1.000000000000000e0 -1.000000000000000e0 0.000000000000000e0
          0.000000000000000e0 0.000000000000000e0 -1.000000000000000e0
          </rotation>
      </symmetry>
      <symmetry>
        <info name="inv. 120 deg rotation - cryst. axis [0,0,1]" class="not found">lattice_symmetry</info>
        <rotation rank="2" dims="3 3">
          0.000000000000000e0 1.000000000000000e0 0.000000000000000e0
          -1.000000000000000e0 1.000000000000000e0 0.000000000000000e0
          0.000000000000000e0 0.000000000000000e0 -1.000000000000000e0
          </rotation>
      </symmetry>
      <symmetry>
        <info name="inv. 120 deg rotation - cryst. axis [0,0,-1]" class="not found">lattice_symmetry</info>
        <rotation rank="2" dims="3 3">
          1.000000000000000e0 -1.000000000000000e0 0.000000000000000e0
          1.000000000000000e0 0.000000000000000e0 0.000000000000000e0
          0.000000000000000e0 0.000000000000000e0 -1.000000000000000e0
          </rotation>
      </symmetry>
      <symmetry>
        <info name="inv. 180 deg rotation - cryst. axis [1,-1,0]" class="not found">lattice_symmetry</info>
        <rotation rank="2" dims="3 3">
          0.000000000000000e0 1.000000000000000e0 0.000000000000000e0
          1.000000000000000e0 0.000000000000000e0 0.000000000000000e0
          0.000000000000000e0 0.000000000000000e0 1.000000000000000e0
          </rotation>
      </symmetry>
      <symmetry>
        <info name="inv. 180 deg rotation - cryst. axis [2,1,0]" class="not found">lattice_symmetry</info>
        <rotation rank="2" dims="3 3">
          -1.000000000000000e0 0.000000000000000e0 0.000000000000000e0
          -1.000000000000000e0 1.000000000000000e0 0.000000000000000e0
          0.000000000000000e0 0.000000000000000e0 1.000000000000000e0
          </rotation>
      </symmetry>
      <symmetry>
        <info name="inv. 180 deg rotation - cryst. axis [0,1,0]" class="not found">lattice_symmetry</info>
        <rotation rank="2" dims="3 3">
          1.000000000000000e0 0.000000000000000e0 0.000000000000000e0
          1.000000000000000e0 -1.000000000000000e0 0.000000000000000e0
          0.000000000000000e0 0.000000000000000e0 1.000000000000000e0
          </rotation>
      </symmetry>
      <symmetry>
        <info name="inv. 180 deg rotation - cryst. axis [1,1,0]" class="not found">lattice_symmetry</info>
        <rotation rank="2" dims="3 3">
          0.000000000000000e0 -1.000000000000000e0 0.000000000000000e0
          -1.000000000000000e0 0.000000000000000e0 0.000000000000000e0
          0.000000000000000e0 0.000000000000000e0 1.000000000000000e0
          </rotation>
      </symmetry>
    </symmetries>
    <basis_set>
      <gamma_only>false</gamma_only>
      <ecutwfc>1.750000000000000e1</ecutwfc>
      <ecutrho>1.400000000000000e2</ecutrho>
      <fft_grid nr1="36" nr2="36" nr3="150"></fft_grid>
      <fft_smooth nr1="24" nr2="24" nr3="108"></fft_smooth>
      <fft_box nr1="36" nr2="36" nr3="150"></fft_box>
      <ngm>69899</ngm>
      <ngms>24741</ngms>
      <npwx>3110</npwx>
      <reciprocal_lattice>
        <b1>1.000000000000041e0 5.773502691880477e-1 0.000000000000000e0</b1>
        <b2>0.000000000000000e0 1.154700538376095e0 0.000000000000000e0</b2>
        <b3>0.000000000000000e0 0.000000000000000e0 2.144172889529522e-1</b3>
      </reciprocal_lattice>
    </basis_set>
    <dft>
      <functional>PBESOL</functional>
    </dft>
    <magnetization>
      <lsda>false</lsda>
      <noncolin>false</noncolin>
      <spinorbit>false</spinorbit>
      <absolute>0.000000000000000e0</absolute>
    </magnetization>
    <total_energy>
      <etot>0.000000000000000e0</etot>
      <eband>0.000000000000000e0</eband>
      <ehart>8.733530529355248e1</ehart>
      <vtxc>-3.263174191912109e1</vtxc>
      <etxc>-3.223560332856567e1</etxc>
      <ewald>0.000000000000000e0</ewald>
    </total_energy>
    <band_structure>
      <lsda>false</lsda>
      <noncolin>false</noncolin>
      <spinorbit>false</spinorbit>
      <nbnd>31</nbnd>
      <nelec>5.200000000000000e1</nelec>
      <num_of_atomic_wfc>36</num_of_atomic_wfc>
      <wf_collected>true</wf_collected>
      <fermi_energy>2.812353782518924e-1</fermi_energy>
      <starting_k_points>
        <monkhorst_pack nk1="5" nk2="5" nk3="1" k1="0" k2="0" k3="0">Monkhorst-Pack</monkhorst_pack>
      </starting_k_points>
      <nks>13</nks>
      <occupations_kind>tetrahedra</occupations_kind>
      <ks_energies>
        <k_point weight="8.000000000000e-2">0.000000000000000e0 0.000000000000000e0 0.000000000000000e0</k_point>
        <npw>3089</npw>
        <eigenvalues size="31">
          -1.967322238475536e0 -1.967321535307278e0 -1.017893117335891e0 -1.017892566400587e0 -1.010414277151890e0
          -1.010414277144371e0 -1.010414235158538e0 -1.010414235151017e0 -2.497070949165948e-1 -2.490143505542290e-1
          -2.019207718188688e-1 -2.006448181219124e-1 5.766197722828532e-2 6.358440209386553e-2 1.707872218713711e-1
          1.707872218729040e-1 1.708055148755179e-1 1.708055148770521e-1 1.920904934997160e-1 2.115701643962226e-1
          2.115701644005989e-1 2.116413627104611e-1 2.116413627148361e-1 2.129797574499890e-1 2.597957518643499e-1
          2.739488693035781e-1 3.675492309910789e-1 3.675492309948217e-1 3.676133869262738e-1 3.676133869300684e-1
          3.767290769102507e-1
          </eigenvalues>
        <occupations size="31">
          9.999999999999995e-1 9.999999999999995e-1 9.999999999999995e-1 9.999999999999995e-1 9.999999999999995e-1
          9.999999999999995e-1 9.999999999999995e-1 9.999999999999995e-1 9.999999999999995e-1 9.999999999999995e-1
          9.999999999999995e-1 9.999999999999995e-1 9.999999999999995e-1 9.999999999999995e-1 9.999999999999995e-1
          9.999999999999995e-1 9.999999999999995e-1 9.999999999999995e-1 9.999999999999995e-1 9.999999999999995e-1
          9.999999999999995e-1 9.999999999999995e-1 9.999999999999995e-1 9.999999999999995e-1 9.999999999999995e-1
          9.999999999999995e-1 0.000000000000000e0 0.000000000000000e0 0.000000000000000e0 0.000000000000000e0
          0.000000000000000e0
          </occupations>
      </ks_energies>
      <ks_energies>
        <k_point weight="1.600000000000e-1">0.000000000000000e0 2.309401076752191e-1 0.000000000000000e0</k_point>
        <npw>3102</npw>
        <eigenvalues size="31">
          -1.966858626507836e0 -1.966858387566205e0 -1.016963347034302e0 -1.016963294764639e0 -1.015141201014823e0
          -1.015141111477175e0 -1.011496254362604e0 -1.011496146533571e0 -2.294214354091704e-1 -2.287696713572736e-1
          -1.934531902446731e-1 -1.924224911397864e-1 7.758755335717604e-2 8.285823846288253e-2 1.347813776179221e-1
          1.353639141387905e-1 1.477554748771951e-1 1.529413893434159e-1 1.850766261811369e-1 1.851922309529846e-1
          1.915328834362306e-1 1.916169423761547e-1 2.205132437759380e-1 2.297331901865145e-1 2.479933007794723e-1
          2.517908198999621e-1 3.417637980188834e-1 3.533939237239907e-1 3.581230966681952e-1 3.586902667153628e-1
          3.603535235477934e-1
          </eigenvalues>
        <occupations size="31">
          9.999999999999988e-1 9.999999999999988e-1 9.999999999999988e-1 9.999999999999988e-1 9.999999999999988e-1
          9.999999999999988e-1 9.999999999999988e-1 9.999999999999988e-1 9.999999999999988e-1 9.999999999999988e-1
          9.999999999999988e-1 9.999999999999988e-1 9.999999999999988e-1 9.999999999999988e-1 9.999999999999988e-1
          9.999999999999988e-1 9.999999999999988e-1 9.999999999999988e-1 9.999999999999988e-1 9.999999999999988e-1
          9.999999999999988e-1 9.999999999999988e-1 9.999999999999988e-1 9.999999999999988e-1 9.999999999999988e-1
          9.999999999999988e-1 0.000000000000000e0 0.000000000000000e0 0.000000000000000e0 0.000000000000000e0
          0.000000000000000e0
          </occupations>
      </ks_energies>
      <ks_energies>
        <k_point weight="1.600000000000e-1">0.000000000000000e0 4.618802153504381e-1 0.000000000000000e0</k_point>
        <npw>3110</npw>
        <eigenvalues size="31">
          -1.966106216063643e0 -1.966105588057658e0 -1.022589853741095e0 -1.022589813182282e0 -1.015450019148914e0
          -1.015449855598820e0 -1.013232420887477e0 -1.013232284445540e0 -1.893416972751958e-1 -1.889498623880107e-1
          -1.772065283830452e-1 -1.767647164742874e-1 6.243003043347609e-2 6.357163792181273e-2 9.915423440091049e-2
          1.005061965189782e-1 1.196839264104859e-1 1.227120823099217e-1 1.550294117149183e-1 1.551768980826098e-1
          2.002053203596673e-1 2.034656183178178e-1 2.256923618612757e-1 2.260468678888754e-1 2.339284764898476e-1
          2.357808670930392e-1 3.466073423245271e-1 3.468803641668847e-1 3.568446634291784e-1 3.622122061985462e-1
          3.961892341895449e-1
          </eigenvalues>
        <occupations size="31">
          9.999999999999988e-1 9.999999999999988e-1 9.999999999999988e-1 9.999999999999988e-1 9.999999999999988e-1
          9.999999999999988e-1 9.999999999999988e-1 9.999999999999988e-1 9.999999999999988e-1 9.999999999999988e-1
          9.999999999999988e-1 9.999999999999988e-1 9.999999999999988e-1 9.999999999999988e-1 9.999999999999988e-1
          9.999999999999988e-1 9.999999999999988e-1 9.999999999999988e-1 9.999999999999988e-1 9.999999999999988e-1
          9.999999999999988e-1 9.999999999999988e-1 9.999999999999988e-1 9.999999999999988e-1 9.999999999999988e-1
          9.999999999999988e-1 0.000000000000000e0 0.000000000000000e0 0.000000000000000e0 0.000000000000000e0
          0.000000000000000e0
          </occupations>
      </ks_energies>
      <ks_energies>
        <k_point weight="1.600000000000e-1">2.000000000000083e-1 1.154700538376095e-1 0.000000000000000e0</k_point>
        <npw>3102</npw>
        <eigenvalues size="31">
          -1.966858626507822e0 -1.966858387566188e0 -1.016963347034292e0 -1.016963294764629e0 -1.015141201009248e0
          -1.015141111471602e0 -1.011496254368248e0 -1.011496146539216e0 -2.294214354091080e-1 -2.287696713572101e-1
          -1.934531902445433e-1 -1.924224911396560e-1 7.758755335669944e-2 8.285823846234372e-2 1.347813776194110e-1
          1.353639141403579e-1 1.477554748792807e-1 1.529413893457101e-1 1.850766261778492e-1 1.851922309496951e-1
          1.915328834348138e-1 1.916169423747410e-1 2.205132437765278e-1 2.297331901869563e-1 2.479933007790466e-1
          2.517908198996694e-1 3.417637980210221e-1 3.533939237262223e-1 3.581230966734611e-1 3.586902667163715e-1
          3.603535235782576e-1
          </eigenvalues>
        <occupations size="31">
          9.999999999999988e-1 9.999999999999988e-1 9.999999999999988e-1 9.999999999999988e-1 9.999999999999988e-1
          9.999999999999988e-1 9.999999999999988e-1 9.999999999999988e-1 9.999999999999988e-1 9.999999999999988e-1
          9.999999999999988e-1 9.999999999999988e-1 9.999999999999988e-1 9.999999999999988e-1 9.999999999999988e-1
          9.999999999999988e-1 9.999999999999988e-1 9.999999999999988e-1 9.999999999999988e-1 9.999999999999988e-1
          9.999999999999988e-1 9.999999999999988e-1 9.999999999999988e-1 9.999999999999988e-1 9.999999999999988e-1
          9.999999999999988e-1 0.000000000000000e0 0.000000000000000e0 0.000000000000000e0 0.000000000000000e0
          0.000000000000000e0
          </occupations>
      </ks_energies>
      <ks_energies>
        <k_point weight="1.600000000000e-1">2.000000000000083e-1 3.464101615128286e-1 0.000000000000000e0</k_point>
        <npw>3096</npw>
        <eigenvalues size="31">
          -1.966250122856735e0 -1.966249589442084e0 -1.019990556606148e0 -1.019990499440830e0 -1.015740744474721e0
          -1.015740734532539e0 -1.014136813961949e0 -1.014136758821658e0 -1.983325962339683e-1 -1.978338354379268e-1
          -1.803470476821826e-1 -1.797227698545675e-1 8.078877005533883e-2 8.252032744617294e-2 1.121545225439252e-1
          1.127753418561644e-1 1.289681001333737e-1 1.313283506542202e-1 1.434369314736156e-1 1.473336935567662e-1
          1.842648150601775e-1 1.843431730215110e-1 2.208988952855914e-1 2.229476862563701e-1 2.379588756576422e-1
          2.380238666099695e-1 3.351277164124996e-1 3.448231060453801e-1 3.583799543282156e-1 3.603607040491739e-1
          3.672250865008375e-1
          </eigenvalues>
        <occupations size="31">
          9.999999999999988e-1 9.999999999999988e-1 9.999999999999988e-1 9.999999999999988e-1 9.999999999999988e-1
          9.999999999999988e-1 9.999999999999988e-1 9.999999999999988e-1 9.999999999999988e-1 9.999999999999988e-1
          9.999999999999988e-1 9.999999999999988e-1 9.999999999999988e-1 9.999999999999988e-1 9.999999999999988e-1
          9.999999999999988e-1 9.999999999999988e-1 9.999999999999988e-1 9.999999999999988e-1 9.999999999999988e-1
          9.999999999999988e-1 9.999999999999988e-1 9.999999999999988e-1 9.999999999999988e-1 9.999999999999988e-1
          9.999999999999988e-1 0.000000000000000e0 0.000000000000000e0 0.000000000000000e0 0.000000000000000e0
          0.000000000000000e0
          </occupations>
      </ks_energies>
      <ks_energies>
        <k_point weight="1.600000000000e-1">2.000000000000083e-1 5.773502691880475e-1 0.000000000000000e0</k_point>
        <npw>3090</npw>
        <eigenvalues size="31">
          -1.965872752158219e0 -1.965872623219320e0 -1.022298324517989e0 -1.022298174861684e0 -1.016412647203625e0
          -1.016412577452690e0 -1.014982244897499e0 -1.014982191297149e0 -1.750406749959371e-1 -1.748748339233306e-1
          -1.702998430781823e-1 -1.701384995292623e-1 7.459544043296564e-2 7.540001111522743e-2 7.683464163851984e-2
          7.709098887083754e-2 1.221593332035501e-1 1.242057320974081e-1 1.526309013448034e-1 1.546098856427189e-1
          1.662815223061540e-1 1.670519074950999e-1 1.957659158428733e-1 1.974007345259846e-1 2.564076531985402e-1
          2.572701889567974e-1 3.398877048826885e-1 3.405337955024005e-1 3.817105248715684e-1 3.820063497232906e-1
          3.850298206667056e-1
          </eigenvalues>
        <occupations size="31">
          9.999999999999988e-1 9.999999999999988e-1 9.999999999999988e-1 9.999999999999988e-1 9.999999999999988e-1
          9.999999999999988e-1 9.999999999999988e-1 9.999999999999988e-1 9.999999999999988e-1 9.999999999999988e-1
          9.999999999999988e-1 9.999999999999988e-1 9.999999999999988e-1 9.999999999999988e-1 9.999999999999988e-1
          9.999999999999988e-1 9.999999999999988e-1 9.999999999999988e-1 9.999999999999988e-1 9.999999999999988e-1
          9.999999999999988e-1 9.999999999999988e-1 9.999999999999988e-1 9.999999999999988e-1 9.999999999999988e-1
          9.999999999999988e-1 0.000000000000000e0 0.000000000000000e0 0.000000000000000e0 0.000000000000000e0
          0.000000000000000e0
          </occupations>
      </ks_energies>
      <ks_energies>
        <k_point weight="1.600000000000e-1">2.000000000000083e-1 -3.464101615128286e-1 0.000000000000000e0</k_point>
        <npw>3096</npw>
        <eigenvalues size="31">
          -1.966250122856740e0 -1.966249589442058e0 -1.019990556606142e0 -1.019990499440828e0 -1.015740744474722e0
          -1.015740734532529e0 -1.014136813961945e0 -1.014136758821657e0 -1.983325962339683e-1 -1.978338354379233e-1
          -1.803470476821808e-1 -1.797227698545649e-1 8.078877005533791e-2 8.252032744617402e-2 1.121545225439264e-1
          1.127753418561641e-1 1.289681001333752e-1 1.313283506542209e-1 1.434369314736170e-1 1.473336935567664e-1
          1.842648150601781e-1 1.843431730215093e-1 2.208988952855943e-1 2.229476862563698e-1 2.379588756576426e-1
          2.380238666099697e-1 3.351277164125015e-1 3.448231060453826e-1 3.583799543282150e-1 3.603607040491722e-1
          3.672250864959468e-1
          </eigenvalues>
        <occupations size="31">
          9.999999999999988e-1 9.999999999999988e-1 9.999999999999988e-1 9.999999999999988e-1 9.999999999999988e-1
          9.999999999999988e-1 9.999999999999988e-1 9.999999999999988e-1 9.999999999999988e-1 9.999999999999988e-1
          9.999999999999988e-1 9.999999999999988e-1 9.999999999999988e-1 9.999999999999988e-1 9.999999999999988e-1
          9.999999999999988e-1 9.999999999999988e-1 9.999999999999988e-1 9.999999999999988e-1 9.999999999999988e-1
          9.999999999999988e-1 9.999999999999988e-1 9.999999999999988e-1 9.999999999999988e-1 9.999999999999988e-1
          9.999999999999988e-1 0.000000000000000e0 0.000000000000000e0 0.000000000000000e0 0.000000000000000e0
          0.000000000000000e0
          </occupations>
      </ks_energies>
      <ks_energies>
        <k_point weight="1.600000000000e-1">2.000000000000083e-1 -1.154700538376095e-1 0.000000000000000e0</k_point>
        <npw>3102</npw>
        <eigenvalues size="31">
          -1.966858626507817e0 -1.966858387566206e0 -1.016963347034296e0 -1.016963294764633e0 -1.015141201009248e0
          -1.015141111471598e0 -1.011496254368249e0 -1.011496146539214e0 -2.294214354091089e-1 -2.287696713572120e-1
          -1.934531902445442e-1 -1.924224911396549e-1 7.758755335669949e-2 8.285823846234360e-2 1.347813776194106e-1
          1.353639141403573e-1 1.477554748792805e-1 1.529413893457092e-1 1.850766261778495e-1 1.851922309496963e-1
          1.915328834348140e-1 1.916169423747412e-1 2.205132437765281e-1 2.297331901869565e-1 2.479933007790469e-1
          2.517908198996700e-1 3.417637980210225e-1 3.533939237263105e-1 3.581230966670994e-1 3.586902667198474e-1
          3.603535235916777e-1
          </eigenvalues>
        <occupations size="31">
          9.999999999999988e-1 9.999999999999988e-1 9.999999999999988e-1 9.999999999999988e-1 9.999999999999988e-1
          9.999999999999988e-1 9.999999999999988e-1 9.999999999999988e-1 9.999999999999988e-1 9.999999999999988e-1
          9.999999999999988e-1 9.999999999999988e-1 9.999999999999988e-1 9.999999999999988e-1 9.999999999999988e-1
          9.999999999999988e-1 9.999999999999988e-1 9.999999999999988e-1 9.999999999999988e-1 9.999999999999988e-1
          9.999999999999988e-1 9.999999999999988e-1 9.999999999999988e-1 9.999999999999988e-1 9.999999999999988e-1
          9.999999999999988e-1 0.000000000000000e0 0.000000000000000e0 0.000000000000000e0 0.000000000000000e0
          0.000000000000000e0
          </occupations>
      </ks_energies>
      <ks_energies>
        <k_point weight="1.600000000000e-1">4.000000000000165e-1 2.309401076752191e-1 0.000000000000000e0</k_point>
        <npw>3110</npw>
        <eigenvalues size="31">
          -1.966106216063628e0 -1.966105588057665e0 -1.022589853735622e0 -1.022589813176804e0 -1.015450019148899e0
          -1.015449855598801e0 -1.013232420893119e0 -1.013232284451185e0 -1.893416972750689e-1 -1.889498623878842e-1
          -1.772065283826257e-1 -1.767647164738661e-1 6.243003043414169e-2 6.357163792252124e-2 9.915423440263574e-2
          1.005061965206927e-1 1.196839264100849e-1 1.227120823094662e-1 1.550294117115856e-1 1.551768980792744e-1
          2.002053203603778e-1 2.034656183185785e-1 2.256923618588281e-1 2.260468678864307e-1 2.339284764893268e-1
          2.357808670926130e-1 3.466073423241615e-1 3.468803641664817e-1 3.568446634324337e-1 3.622122062019091e-1
          3.961892341985724e-1
          </eigenvalues>
        <occupations size="31">
          9.999999999999988e-1 9.999999999999988e-1 9.999999999999988e-1 9.999999999999988e-1 9.999999999999988e-1
          9.999999999999988e-1 9.999999999999988e-1 9.999999999999988e-1 9.999999999999988e-1 9.999999999999988e-1
          9.999999999999988e-1 9.999999999999988e-1 9.999999999999988e-1 9.999999999999988e-1 9.999999999999988e-1
          9.999999999999988e-1 9.999999999999988e-1 9.999999999999988e-1 9.999999999999988e-1 9.999999999999988e-1
          9.999999999999988e-1 9.999999999999988e-1 9.999999999999988e-1 9.999999999999988e-1 9.999999999999988e-1
          9.999999999999988e-1 0.000000000000000e0 0.000000000000000e0 0.000000000000000e0 0.000000000000000e0
          0.000000000000000e0
          </occupations>
      </ks_energies>
      <ks_energies>
        <k_point weight="1.600000000000e-1">4.000000000000165e-1 4.618802153504381e-1 0.000000000000000e0</k_point>
        <npw>3090</npw>
        <eigenvalues size="31">
          -1.965872752158225e0 -1.965872623219327e0 -1.022298324512648e0 -1.022298174856354e0 -1.016412647209082e0
          -1.016412577458138e0 -1.014982244897491e0 -1.014982191297139e0 -1.750406749958531e-1 -1.748748339232462e-1
          -1.702998430778942e-1 -1.701384995289729e-1 7.459544043416939e-2 7.540001111647622e-2 7.683464163876198e-2
          7.709098887111239e-2 1.221593332023791e-1 1.242057320962320e-1 1.526309013437251e-1 1.546098856416399e-1
          1.662815223052139e-1 1.670519074941296e-1 1.957659158434673e-1 1.974007345265493e-1 2.564076531969062e-1
          2.572701889551339e-1 3.398877048847292e-1 3.405337955045833e-1 3.817105248727920e-1 3.820063497246604e-1
          3.850298206663366e-1
          </eigenvalues>
        <occupations size="31">
          9.999999999999988e-1 9.999999999999988e-1 9.999999999999988e-1 9.999999999999988e-1 9.999999999999988e-1
          9.999999999999988e-1 9.999999999999988e-1 9.999999999999988e-1 9.999999999999988e-1 9.999999999999988e-1
          9.999999999999988e-1 9.999999999999988e-1 9.999999999999988e-1 9.999999999999988e-1 9.999999999999988e-1
          9.999999999999988e-1 9.999999999999988e-1 9.999999999999988e-1 9.999999999999988e-1 9.999999999999988e-1
          9.999999999999988e-1 9.999999999999988e-1 9.999999999999988e-1 9.999999999999988e-1 9.999999999999988e-1
          9.999999999999988e-1 0.000000000000000e0 0.000000000000000e0 0.000000000000000e0 0.000000000000000e0
          0.000000000000000e0
          </occupations>
      </ks_energies>
      <ks_energies>
        <k_point weight="1.600000000000e-1">4.000000000000165e-1 6.928203230256572e-1 0.000000000000000e0</k_point>
        <npw>3090</npw>
        <eigenvalues size="31">
          -1.965872752158216e0 -1.965872623219317e0 -1.022298324512645e0 -1.022298174856352e0 -1.016412647209076e0
          -1.016412577458133e0 -1.014982244897491e0 -1.014982191297136e0 -1.750406749958520e-1 -1.748748339232469e-1
          -1.702998430778936e-1 -1.701384995289727e-1 7.459544043416876e-2 7.540001111647507e-2 7.683464163876154e-2
          7.709098887111264e-2 1.221593332023792e-1 1.242057320962331e-1 1.526309013437255e-1 1.546098856416401e-1
          1.662815223052124e-1 1.670519074941302e-1 1.957659158434669e-1 1.974007345265495e-1 2.564076531969055e-1
          2.572701889551338e-1 3.398877048847294e-1 3.405337955045831e-1 3.817105248727935e-1 3.820063497246599e-1
          3.850298206693349e-1
          </eigenvalues>
        <occupations size="31">
          9.999999999999988e-1 9.999999999999988e-1 9.999999999999988e-1 9.999999999999988e-1 9.999999999999988e-1
          9.999999999999988e-1 9.999999999999988e-1 9.999999999999988e-1 9.999999999999988e-1 9.999999999999988e-1
          9.999999999999988e-1 9.999999999999988e-1 9.999999999999988e-1 9.999999999999988e-1 9.999999999999988e-1
          9.999999999999988e-1 9.999999999999988e-1 9.999999999999988e-1 9.999999999999988e-1 9.999999999999988e-1
          9.999999999999988e-1 9.999999999999988e-1 9.999999999999988e-1 9.999999999999988e-1 9.999999999999988e-1
          9.999999999999988e-1 0.000000000000000e0 0.000000000000000e0 0.000000000000000e0 0.000000000000000e0
          0.000000000000000e0
          </occupations>
      </ks_energies>
      <ks_energies>
        <k_point weight="1.600000000000e-1">4.000000000000165e-1 -2.309401076752191e-1 0.000000000000000e0</k_point>
        <npw>3110</npw>
        <eigenvalues size="31">
          -1.966106216063631e0 -1.966105588057657e0 -1.022589853735614e0 -1.022589813176752e0 -1.015450019148899e0
          -1.015449855598805e0 -1.013232420893124e0 -1.013232284451181e0 -1.893416972750632e-1 -1.889498623878805e-1
          -1.772065283826261e-1 -1.767647164738644e-1 6.243003043414282e-2 6.357163792252136e-2 9.915423440263561e-2
          1.005061965206925e-1 1.196839264100879e-1 1.227120823094648e-1 1.550294117115860e-1 1.551768980792745e-1
          2.002053203603792e-1 2.034656183185781e-1 2.256923618588287e-1 2.260468678864312e-1 2.339284764893264e-1
          2.357808670926143e-1 3.466073423241887e-1 3.468803641665016e-1 3.568446634325060e-1 3.622122062019236e-1
          3.961892341891301e-1
          </eigenvalues>
        <occupations size="31">
          9.999999999999988e-1 9.999999999999988e-1 9.999999999999988e-1 9.999999999999988e-1 9.999999999999988e-1
          9.999999999999988e-1 9.999999999999988e-1 9.999999999999988e-1 9.999999999999988e-1 9.999999999999988e-1
          9.999999999999988e-1 9.999999999999988e-1 9.999999999999988e-1 9.999999999999988e-1 9.999999999999988e-1
          9.999999999999988e-1 9.999999999999988e-1 9.999999999999988e-1 9.999999999999988e-1 9.999999999999988e-1
          9.999999999999988e-1 9.999999999999988e-1 9.999999999999988e-1 9.999999999999988e-1 9.999999999999988e-1
          9.999999999999988e-1 0.000000000000000e0 0.000000000000000e0 0.000000000000000e0 0.000000000000000e0
          0.000000000000000e0
          </occupations>
      </ks_energies>
      <ks_energies>
        <k_point weight="1.600000000000e-1">4.000000000000165e-1 5.551115123125783e-17 0.000000000000000e0</k_point>
        <npw>3096</npw>
        <eigenvalues size="31">
          -1.966250122856727e0 -1.966249589442082e0 -1.019990556600727e0 -1.019990499435413e0 -1.015740744474714e0
          -1.015740734532530e0 -1.014136813967472e0 -1.014136758827179e0 -1.983325962338385e-1 -1.978338354377989e-1
          -1.803470476819290e-1 -1.797227698543119e-1 8.078877005567861e-2 8.252032744655434e-2 1.121545225435001e-1
          1.127753418557142e-1 1.289681001330741e-1 1.313283506538180e-1 1.434369314743507e-1 1.473336935575228e-1
          1.842648150599296e-1 1.843431730212874e-1 2.208988952851659e-1 2.229476862559585e-1 2.379588756554285e-1
          2.380238666077709e-1 3.351277164116425e-1 3.448231060446117e-1 3.583799543322583e-1 3.603607040531778e-1
          3.672250864931054e-1
          </eigenvalues>
        <occupations size="31">
          9.999999999999988e-1 9.999999999999988e-1 9.999999999999988e-1 9.999999999999988e-1 9.999999999999988e-1
          9.999999999999988e-1 9.999999999999988e-1 9.999999999999988e-1 9.999999999999988e-1 9.999999999999988e-1
          9.999999999999988e-1 9.999999999999988e-1 9.999999999999988e-1 9.999999999999988e-1 9.999999999999988e-1
          9.999999999999988e-1 9.999999999999988e-1 9.999999999999988e-1 9.999999999999988e-1 9.999999999999988e-1
          9.999999999999988e-1 9.999999999999988e-1 9.999999999999988e-1 9.999999999999988e-1 9.999999999999988e-1
          9.999999999999988e-1 0.000000000000000e0 0.000000000000000e0 0.000000000000000e0 0.000000000000000e0
          0.000000000000000e0
          </occupations>
      </ks_energies>
    </band_structure>
  </output>
  <exit_status>0</exit_status>
  <timing_info>
    <total label="PWSCF">
      <cpu>5.584631800000000e1</cpu>
      <wall>9.421048116683961e1</wall>
    </total>
    <partial label="init_run" calls="1">
      <cpu>2.100380000000000e0</cpu>
      <wall>3.767668962478638e0</wall>
    </partial>
    <partial label="hinit0" calls="1">
      <cpu>1.230959000000000e0</cpu>
      <wall>1.885581016540527e0</wall>
    </partial>
    <partial label="init_vloc" calls="1">
      <cpu>1.193510000000000e-1</cpu>
      <wall>1.314299106597900e-1</wall>
    </partial>
    <partial label="init_us_1" calls="1">
      <cpu>3.522120000000000e-1</cpu>
      <wall>4.795107841491699e-1</wall>
    </partial>
    <partial label="fft" calls="13">
      <cpu>6.194199999999999e-1</cpu>
      <wall>1.003407716751099e0</wall>
    </partial>
    <partial label="potinit" calls="1">
      <cpu>5.959970000000001e-1</cpu>
      <wall>1.090714931488037e0</wall>
    </partial>
    <partial label="v_of_rho" calls="1">
      <cpu>1.261459999999999e-1</cpu>
      <wall>3.066189289093018e-1</wall>
    </partial>
    <partial label="v_xc" calls="1">
      <cpu>1.180050000000001e-1</cpu>
      <wall>2.984800338745117e-1</wall>
    </partial>
    <partial label="v_h" calls="1">
      <cpu>8.052999999999866e-3</cpu>
      <wall>8.054971694946289e-3</wall>
    </partial>
    <partial label="interpolate" calls="1">
      <cpu>4.580570000000002e-1</cpu>
      <wall>7.702589035034180e-1</wall>
    </partial>
    <partial label="ffts" calls="1">
      <cpu>4.522850000000003e-1</cpu>
      <wall>7.626430988311768e-1</wall>
    </partial>
    <partial label="newd" calls="1">
      <cpu>2.468960000000000e-1</cpu>
      <wall>7.373499870300293e-1</wall>
    </partial>
    <partial label="wfcinit" calls="1">
      <cpu>0.000000000000000e0</cpu>
      <wall>2.849102020263672e-4</wall>
    </partial>
    <partial label="electrons" calls="1">
      <cpu>5.346152600000000e1</cpu>
      <wall>9.010948586463929e1</wall>
    </partial>
    <partial label="c_bands" calls="1">
      <cpu>5.345947300000001e1</cpu>
      <wall>9.010741400718690e1</wall>
    </partial>
    <partial label="init_us_2" calls="13">
      <cpu>2.028600000000580e-2</cpu>
      <wall>3.992438316345215e-2</wall>
    </partial>
    <partial label="init_us_2:cp" calls="13">
      <cpu>2.022499999999638e-2</cpu>
      <wall>3.987169265747070e-2</wall>
    </partial>
    <partial label="wfcinit:atom" calls="13">
      <cpu>2.147000000000077e-2</cpu>
      <wall>2.392482757568359e-2</wall>
    </partial>
    <partial label="atomic_wfc" calls="13">
      <cpu>2.138999999999669e-2</cpu>
      <wall>2.387142181396484e-2</wall>
    </partial>
    <partial label="wfcinit:wfcr" calls="13">
      <cpu>1.396884999999990e0</cpu>
      <wall>2.336100339889526e0</wall>
    </partial>
    <partial label="wfcrot" calls="13">
      <cpu>1.396768000000016e0</cpu>
      <wall>2.336019277572632e0</wall>
    </partial>
    <partial label="rotwfck" calls="13">
      <cpu>1.396662000000006e0</cpu>
      <wall>2.335916042327881e0</wall>
    </partial>
    <partial label="rotwfck:hpsi" calls="13">
      <cpu>1.224301000000004e0</cpu>
      <wall>2.126824855804443e0</wall>
    </partial>
    <partial label="h_psi_bgrp" calls="1040">
      <cpu>3.828131599999999e1</cpu>
      <wall>6.446932816505432e1</wall>
    </partial>
    <partial label="h_psi" calls="1040">
      <cpu>3.827708800000000e1</cpu>
      <wall>6.443276619911194e1</wall>
    </partial>
    <partial label="h_psi:pot" calls="1040">
      <cpu>3.813085800000002e1</cpu>
      <wall>6.412319684028626e1</wall>
    </partial>
    <partial label="vloc_psi" calls="1040">
      <cpu>3.148747600000004e1</cpu>
      <wall>5.251334047317505e1</wall>
    </partial>
    <partial label="fftw" calls="32298">
      <cpu>2.763369500000010e1</cpu>
      <wall>4.646490836143494e1</wall>
    </partial>
    <partial label="h_psi:calbec" calls="1040">
      <cpu>3.930091999999981e0</cpu>
      <wall>7.125367879867554e0</wall>
    </partial>
    <partial label="calbec" calls="1040">
      <cpu>3.922325000000079e0</cpu>
      <wall>7.119960546493530e0</wall>
    </partial>
    <partial label="add_vuspsi" calls="1040">
      <cpu>2.699655000000064e0</cpu>
      <wall>4.439482927322388e0</wall>
    </partial>
    <partial label="rotwfck:hc" calls="13">
      <cpu>1.290389999999988e-1</cpu>
      <wall>1.655895709991455e-1</wall>
    </partial>
    <partial label="s_psi_bgrp" calls="1040">
      <cpu>2.707650000000079e0</cpu>
      <wall>4.453813552856445e0</wall>
    </partial>
    <partial label="s_psi" calls="1040">
      <cpu>2.519260000000010e0</cpu>
      <wall>4.138116836547852e0</wall>
    </partial>
    <partial label="rotwfck:diag" calls="13">
      <cpu>1.685200000000009e-2</cpu>
      <wall>1.694250106811523e-2</wall>
    </partial>
    <partial label="cdiaghg" calls="985">
      <cpu>1.779442000000003e0</cpu>
      <wall>2.806226491928101e0</wall>
    </partial>
    <partial label="rotwfck:evc" calls="13">
      <cpu>2.628900000000556e-2</cpu>
      <wall>2.641391754150391e-2</wall>
    </partial>
    <partial label="cegterg" calls="55">
      <cpu>5.165198699999999e1</cpu>
      <wall>8.697296762466431e1</wall>
    </partial>
    <partial label="cegterg:init" calls="55">
      <cpu>2.262209999999953e-1</cpu>
      <wall>5.103728771209717e-1</wall>
    </partial>
    <partial label="cegterg:upda" calls="972">
      <cpu>1.672621999999855e0</cpu>
      <wall>3.109643697738647e0</wall>
    </partial>
    <partial label="g_psi" calls="972">
      <cpu>5.102759999999762e-1</cpu>
      <wall>7.729854583740234e-1</wall>
    </partial>
    <partial label="cegterg:over" calls="972">
      <cpu>3.755988000000187e0</cpu>
      <wall>6.376569747924805e0</wall>
    </partial>
    <partial label="cegterg:diag" calls="972">
      <cpu>1.769152000000048e0</cpu>
      <wall>2.794154882431030e0</wall>
    </partial>
    <partial label="cegterg:last" calls="489">
      <cpu>3.755719999999940e0</cpu>
      <wall>6.337699174880981e0</wall>
    </partial>
    <partial label="davcio" calls="13">
      <cpu>1.331300000000368e-2</cpu>
      <wall>2.214717864990234e-2</wall>
    </partial>
    <partial label="ions" calls="1">
      <cpu>9.999999974752427e-7</cpu>
      <wall>1.907348632812500e-6</wall>
    </partial>
  </timing_info>
  <closed DATE="21 Feb 2023" TIME="11:25:35"></closed>
</qes:espresso>
