<?xml version="1.0" encoding="UTF-8"?>
<qes:espresso xmlns:xsi="http://www.w3.org/2001/XMLSchema-instance" xmlns:qes="http://www.quantum-espresso.org/ns/qes/qes-1.0" xsi:schemaLocation="http://www.quantum-espresso.org/ns/qes/qes-1.0 http://www.quantum-espresso.org/ns/qes/qes_230310.xsd" Units="Hartree atomic units">
<!-- All quantities are in Hartree atomic units unless otherwise specified -->
  <general_info>
    <xml_format NAME="QEXSD" VERSION="23.03.10">QEXSD_23.03.10</xml_format>
    <creator NAME="PWSCF" VERSION="7.3.1">XML file generated by PWSCF</creator>
    <created DATE="15May2024" TIME="19:23: 1">This run was terminated on:  19:23: 1  15 May 2024</created>
    <job></job>
  </general_info>
  <parallel_info>
    <nprocs>1</nprocs>
    <nthreads>1</nthreads>
    <ntasks>1</ntasks>
    <nbgrp>1</nbgrp>
    <npool>1</npool>
    <ndiag>1</ndiag>
  </parallel_info>
  <input>
    <control_variables>
      <title></title>
      <calculation>scf</calculation>
      <restart_mode>from_scratch</restart_mode>
      <prefix>aiida</prefix>
      <pseudo_dir>./pseudo/</pseudo_dir>
      <outdir>./out/</outdir>
      <stress>true</stress>
      <forces>true</forces>
      <wf_collect>true</wf_collect>
      <disk_io>low</disk_io>
      <max_seconds>41040</max_seconds>
      <nstep>1</nstep>
      <etot_conv_thr>1.000000000000000E-005</etot_conv_thr>
      <forc_conv_thr>5.000000000000000E-005</forc_conv_thr>
      <press_conv_thr>5.000000000000000E-001</press_conv_thr>
      <verbosity>high</verbosity>
      <print_every>100000</print_every>
      <fcp>false</fcp>
      <rism>false</rism>
    </control_variables>
    <atomic_species ntyp="1">
      <species name="Si">
        <mass>2.808500000000000E+001</mass>
        <pseudo_file>Si.upf</pseudo_file>
      </species>
    </atomic_species>
    <atomic_structure nat="2" alat="10.262199993331599" bravais_index="2">
      <atomic_positions>
        <atom name="Si" index="1">0.000000000000000E+000  0.000000000000000E+000  0.000000000000000E+000</atom>
        <atom name="Si" index="2">-2.565549998427386E+000  2.565549998427386E+000  2.565549998427386E+000</atom>
      </atomic_positions>
      <cell>
        <a1>-5.131099996665800E+000  0.000000000000000E+000  5.131099996665800E+000</a1>
        <a2>0.000000000000000E+000  5.131099996665800E+000  5.131099996665800E+000</a2>
        <a3>-5.131099996665800E+000  5.131099996665800E+000  0.000000000000000E+000</a3>
      </cell>
    </atomic_structure>
    <dft>
      <functional>PBE</functional>
    </dft>
    <spin>
      <lsda>true</lsda>
      <noncolin>false</noncolin>
      <spinorbit>false</spinorbit>
    </spin>
    <bands>
      <tot_charge>0.000000000000000E+000</tot_charge>
      <tot_magnetization>0.000000000000000E+000</tot_magnetization>
      <occupations>fixed</occupations>
    </bands>
    <basis>
      <gamma_only>false</gamma_only>
      <ecutwfc>3.000000000000000E+001</ecutwfc>
      <ecutrho>7.200000000000000E+001</ecutrho>
    </basis>
    <electron_control>
      <diagonalization>davidson</diagonalization>
      <mixing_mode>plain</mixing_mode>
      <mixing_beta>4.000000000000000E-001</mixing_beta>
      <conv_thr>8.000000000000000E-009</conv_thr>
      <mixing_ndim>8</mixing_ndim>
      <max_nstep>80</max_nstep>
      <exx_nstep>100</exx_nstep>
      <real_space_q>false</real_space_q>
      <real_space_beta>false</real_space_beta>
      <tq_smoothing>false</tq_smoothing>
      <tbeta_smoothing>false</tbeta_smoothing>
      <diago_thr_init>0.000000000000000E+000</diago_thr_init>
      <diago_full_acc>false</diago_full_acc>
      <diago_cg_maxiter>20</diago_cg_maxiter>
      <diago_ppcg_maxiter>20</diago_ppcg_maxiter>
      <diago_rmm_ndim>4</diago_rmm_ndim>
      <diago_gs_nblock>16</diago_gs_nblock>
      <diago_rmm_conv>false</diago_rmm_conv>
    </electron_control>
    <k_points_IBZ>
      <monkhorst_pack nk1="4" nk2="4" nk3="4" k1="0" k2="0" k3="0">Monkhorst-Pack</monkhorst_pack>
    </k_points_IBZ>
    <ion_control>
      <ion_dynamics>none</ion_dynamics>
      <upscale>1.000000000000000E+002</upscale>
      <remove_rigid_rot>false</remove_rigid_rot>
      <refold_pos>false</refold_pos>
    </ion_control>
    <cell_control>
      <cell_dynamics>none</cell_dynamics>
      <pressure>0.000000000000000E+000</pressure>
      <wmass>0.000000000000000E+000</wmass>
      <cell_do_free>all</cell_do_free>
    </cell_control>
    <symmetry_flags>
      <nosym>true</nosym>
      <nosym_evc>false</nosym_evc>
      <noinv>true</noinv>
      <no_t_rev>false</no_t_rev>
      <force_symmorphic>false</force_symmorphic>
      <use_all_frac>false</use_all_frac>
    </symmetry_flags>
  </input>
  <output>
    <convergence_info>
      <scf_conv>
        <convergence_achieved>true</convergence_achieved>
        <n_scf_steps>15</n_scf_steps>
        <scf_error>2.935786422363364E-010</scf_error>
      </scf_conv>
    </convergence_info>
    <algorithmic_info>
      <real_space_q>false</real_space_q>
      <real_space_beta>false</real_space_beta>
      <uspp>false</uspp>
      <paw>false</paw>
    </algorithmic_info>
    <atomic_species ntyp="1" pseudo_dir="./pseudo/">
      <species name="Si">
        <mass>2.808500000000000E+001</mass>
        <pseudo_file>Si.upf</pseudo_file>
      </species>
    </atomic_species>
    <atomic_structure nat="2" alat="10.262199993331599" bravais_index="2">
      <atomic_positions>
        <atom name="Si" index="1">0.000000000000000E+000  0.000000000000000E+000  0.000000000000000E+000</atom>
        <atom name="Si" index="2">-2.565549998427386E+000  2.565549998427386E+000  2.565549998427386E+000</atom>
      </atomic_positions>
      <cell>
        <a1>-5.131099996665800E+000  0.000000000000000E+000  5.131099996665800E+000</a1>
        <a2>0.000000000000000E+000  5.131099996665800E+000  5.131099996665800E+000</a2>
        <a3>-5.131099996665800E+000  5.131099996665800E+000  0.000000000000000E+000</a3>
      </cell>
    </atomic_structure>
    <symmetries>
      <nsym>1</nsym>
      <nrot>48</nrot>
      <space_group>0</space_group>
      <symmetry>
        <info name="identity" class="E">crystal_symmetry</info>
        <rotation rank="2" dims="           3           3">
  1.000000000000000E+000  0.000000000000000E+000  0.000000000000000E+000
  0.000000000000000E+000  1.000000000000000E+000  0.000000000000000E+000
  0.000000000000000E+000  0.000000000000000E+000  1.000000000000000E+000
        </rotation>
        <fractional_translation>
  0.000000000000000E+000  0.000000000000000E+000  0.000000000000000E+000
        </fractional_translation>
        <equivalent_atoms size="2" nat="2">
           1           2
        </equivalent_atoms>
      </symmetry>
      <symmetry>
        <info name="180 deg rotation - cart. axis [0,0,1]" class="not found">lattice_symmetry</info>
        <rotation rank="2" dims="           3           3">
  0.000000000000000E+000  1.000000000000000E+000  0.000000000000000E+000
  1.000000000000000E+000  0.000000000000000E+000  0.000000000000000E+000
 -1.000000000000000E+000 -1.000000000000000E+000 -1.000000000000000E+000
        </rotation>
      </symmetry>
      <symmetry>
        <info name="180 deg rotation - cart. axis [0,1,0]" class="not found">lattice_symmetry</info>
        <rotation rank="2" dims="           3           3">
 -1.000000000000000E+000 -1.000000000000000E+000 -1.000000000000000E+000
  0.000000000000000E+000  0.000000000000000E+000  1.000000000000000E+000
  0.000000000000000E+000  1.000000000000000E+000  0.000000000000000E+000
        </rotation>
      </symmetry>
      <symmetry>
        <info name="180 deg rotation - cart. axis [1,0,0]" class="not found">lattice_symmetry</info>
        <rotation rank="2" dims="           3           3">
  0.000000000000000E+000  0.000000000000000E+000  1.000000000000000E+000
 -1.000000000000000E+000 -1.000000000000000E+000 -1.000000000000000E+000
  1.000000000000000E+000  0.000000000000000E+000  0.000000000000000E+000
        </rotation>
      </symmetry>
      <symmetry>
        <info name="180 deg rotation - cart. axis [1,1,0]" class="not found">lattice_symmetry</info>
        <rotation rank="2" dims="           3           3">
  0.000000000000000E+000 -1.000000000000000E+000  0.000000000000000E+000
 -1.000000000000000E+000  0.000000000000000E+000  0.000000000000000E+000
  0.000000000000000E+000  0.000000000000000E+000 -1.000000000000000E+000
        </rotation>
      </symmetry>
      <symmetry>
        <info name="180 deg rotation - cart. axis [1,-1,0]" class="not found">lattice_symmetry</info>
        <rotation rank="2" dims="           3           3">
 -1.000000000000000E+000  0.000000000000000E+000  0.000000000000000E+000
  0.000000000000000E+000 -1.000000000000000E+000  0.000000000000000E+000
  1.000000000000000E+000  1.000000000000000E+000  1.000000000000000E+000
        </rotation>
      </symmetry>
      <symmetry>
        <info name=" 90 deg rotation - cart. axis [0,0,-1]" class="not found">lattice_symmetry</info>
        <rotation rank="2" dims="           3           3">
  0.000000000000000E+000  0.000000000000000E+000 -1.000000000000000E+000
  1.000000000000000E+000  1.000000000000000E+000  1.000000000000000E+000
  0.000000000000000E+000 -1.000000000000000E+000  0.000000000000000E+000
        </rotation>
      </symmetry>
      <symmetry>
        <info name=" 90 deg rotation - cart. axis [0,0,1]" class="not found">lattice_symmetry</info>
        <rotation rank="2" dims="           3           3">
  1.000000000000000E+000  1.000000000000000E+000  1.000000000000000E+000
  0.000000000000000E+000  0.000000000000000E+000 -1.000000000000000E+000
 -1.000000000000000E+000  0.000000000000000E+000  0.000000000000000E+000
        </rotation>
      </symmetry>
      <symmetry>
        <info name="180 deg rotation - cart. axis [1,0,1]" class="not found">lattice_symmetry</info>
        <rotation rank="2" dims="           3           3">
 -1.000000000000000E+000  0.000000000000000E+000  0.000000000000000E+000
  0.000000000000000E+000  0.000000000000000E+000 -1.000000000000000E+000
  0.000000000000000E+000 -1.000000000000000E+000  0.000000000000000E+000
        </rotation>
      </symmetry>
      <symmetry>
        <info name="180 deg rotation - cart. axis [-1,0,1]" class="not found">lattice_symmetry</info>
        <rotation rank="2" dims="           3           3">
  1.000000000000000E+000  1.000000000000000E+000  1.000000000000000E+000
  0.000000000000000E+000 -1.000000000000000E+000  0.000000000000000E+000
  0.000000000000000E+000  0.000000000000000E+000 -1.000000000000000E+000
        </rotation>
      </symmetry>
      <symmetry>
        <info name=" 90 deg rotation - cart. axis [0,1,0]" class="not found">lattice_symmetry</info>
        <rotation rank="2" dims="           3           3">
  0.000000000000000E+000 -1.000000000000000E+000  0.000000000000000E+000
  1.000000000000000E+000  1.000000000000000E+000  1.000000000000000E+000
 -1.000000000000000E+000  0.000000000000000E+000  0.000000000000000E+000
        </rotation>
      </symmetry>
      <symmetry>
        <info name=" 90 deg rotation - cart. axis [0,-1,0]" class="not found">lattice_symmetry</info>
        <rotation rank="2" dims="           3           3">
  0.000000000000000E+000  0.000000000000000E+000 -1.000000000000000E+000
 -1.000000000000000E+000  0.000000000000000E+000  0.000000000000000E+000
  1.000000000000000E+000  1.000000000000000E+000  1.000000000000000E+000
        </rotation>
      </symmetry>
      <symmetry>
        <info name="180 deg rotation - cart. axis [0,1,1]" class="not found">lattice_symmetry</info>
        <rotation rank="2" dims="           3           3">
 -1.000000000000000E+000  0.000000000000000E+000  0.000000000000000E+000
  1.000000000000000E+000  1.000000000000000E+000  1.000000000000000E+000
  0.000000000000000E+000  0.000000000000000E+000 -1.000000000000000E+000
        </rotation>
      </symmetry>
      <symmetry>
        <info name="180 deg rotation - cart. axis [0,1,-1]" class="not found">lattice_symmetry</info>
        <rotation rank="2" dims="           3           3">
  0.000000000000000E+000  0.000000000000000E+000 -1.000000000000000E+000
  0.000000000000000E+000 -1.000000000000000E+000  0.000000000000000E+000
 -1.000000000000000E+000  0.000000000000000E+000  0.000000000000000E+000
        </rotation>
      </symmetry>
      <symmetry>
        <info name=" 90 deg rotation - cart. axis [-1,0,0]" class="not found">lattice_symmetry</info>
        <rotation rank="2" dims="           3           3">
  0.000000000000000E+000 -1.000000000000000E+000  0.000000000000000E+000
  0.000000000000000E+000  0.000000000000000E+000 -1.000000000000000E+000
  1.000000000000000E+000  1.000000000000000E+000  1.000000000000000E+000
        </rotation>
      </symmetry>
      <symmetry>
        <info name=" 90 deg rotation - cart. axis [1,0,0]" class="not found">lattice_symmetry</info>
        <rotation rank="2" dims="           3           3">
  1.000000000000000E+000  1.000000000000000E+000  1.000000000000000E+000
 -1.000000000000000E+000  0.000000000000000E+000  0.000000000000000E+000
  0.000000000000000E+000 -1.000000000000000E+000  0.000000000000000E+000
        </rotation>
      </symmetry>
      <symmetry>
        <info name="120 deg rotation - cart. axis [-1,-1,-1]" class="not found">lattice_symmetry</info>
        <rotation rank="2" dims="           3           3">
 -1.000000000000000E+000 -1.000000000000000E+000 -1.000000000000000E+000
  0.000000000000000E+000  1.000000000000000E+000  0.000000000000000E+000
  1.000000000000000E+000  0.000000000000000E+000  0.000000000000000E+000
        </rotation>
      </symmetry>
      <symmetry>
        <info name="120 deg rotation - cart. axis [-1,1,1]" class="not found">lattice_symmetry</info>
        <rotation rank="2" dims="           3           3">
  0.000000000000000E+000  0.000000000000000E+000  1.000000000000000E+000
  1.000000000000000E+000  0.000000000000000E+000  0.000000000000000E+000
  0.000000000000000E+000  1.000000000000000E+000  0.000000000000000E+000
        </rotation>
      </symmetry>
      <symmetry>
        <info name="120 deg rotation - cart. axis [1,1,-1]" class="not found">lattice_symmetry</info>
        <rotation rank="2" dims="           3           3">
  1.000000000000000E+000  0.000000000000000E+000  0.000000000000000E+000
  0.000000000000000E+000  0.000000000000000E+000  1.000000000000000E+000
 -1.000000000000000E+000 -1.000000000000000E+000 -1.000000000000000E+000
        </rotation>
      </symmetry>
      <symmetry>
        <info name="120 deg rotation - cart. axis [1,-1,1]" class="not found">lattice_symmetry</info>
        <rotation rank="2" dims="           3           3">
  0.000000000000000E+000  1.000000000000000E+000  0.000000000000000E+000
 -1.000000000000000E+000 -1.000000000000000E+000 -1.000000000000000E+000
  0.000000000000000E+000  0.000000000000000E+000  1.000000000000000E+000
        </rotation>
      </symmetry>
      <symmetry>
        <info name="120 deg rotation - cart. axis [1,1,1]" class="not found">lattice_symmetry</info>
        <rotation rank="2" dims="           3           3">
  0.000000000000000E+000  0.000000000000000E+000  1.000000000000000E+000
  0.000000000000000E+000  1.000000000000000E+000  0.000000000000000E+000
 -1.000000000000000E+000 -1.000000000000000E+000 -1.000000000000000E+000
        </rotation>
      </symmetry>
      <symmetry>
        <info name="120 deg rotation - cart. axis [-1,1,-1]" class="not found">lattice_symmetry</info>
        <rotation rank="2" dims="           3           3">
 -1.000000000000000E+000 -1.000000000000000E+000 -1.000000000000000E+000
  1.000000000000000E+000  0.000000000000000E+000  0.000000000000000E+000
  0.000000000000000E+000  0.000000000000000E+000  1.000000000000000E+000
        </rotation>
      </symmetry>
      <symmetry>
        <info name="120 deg rotation - cart. axis [1,-1,-1]" class="not found">lattice_symmetry</info>
        <rotation rank="2" dims="           3           3">
  0.000000000000000E+000  1.000000000000000E+000  0.000000000000000E+000
  0.000000000000000E+000  0.000000000000000E+000  1.000000000000000E+000
  1.000000000000000E+000  0.000000000000000E+000  0.000000000000000E+000
        </rotation>
      </symmetry>
      <symmetry>
        <info name="120 deg rotation - cart. axis [-1,-1,1]" class="not found">lattice_symmetry</info>
        <rotation rank="2" dims="           3           3">
  1.000000000000000E+000  0.000000000000000E+000  0.000000000000000E+000
 -1.000000000000000E+000 -1.000000000000000E+000 -1.000000000000000E+000
  0.000000000000000E+000  1.000000000000000E+000  0.000000000000000E+000
        </rotation>
      </symmetry>
      <symmetry>
        <info name="inversion" class="not found">lattice_symmetry</info>
        <rotation rank="2" dims="           3           3">
 -1.000000000000000E+000  0.000000000000000E+000  0.000000000000000E+000
  0.000000000000000E+000 -1.000000000000000E+000  0.000000000000000E+000
  0.000000000000000E+000  0.000000000000000E+000 -1.000000000000000E+000
        </rotation>
      </symmetry>
      <symmetry>
        <info name="inv. 180 deg rotation - cart. axis [0,0,1]" class="not found">lattice_symmetry</info>
        <rotation rank="2" dims="           3           3">
  0.000000000000000E+000 -1.000000000000000E+000  0.000000000000000E+000
 -1.000000000000000E+000  0.000000000000000E+000  0.000000000000000E+000
  1.000000000000000E+000  1.000000000000000E+000  1.000000000000000E+000
        </rotation>
      </symmetry>
      <symmetry>
        <info name="inv. 180 deg rotation - cart. axis [0,1,0]" class="not found">lattice_symmetry</info>
        <rotation rank="2" dims="           3           3">
  1.000000000000000E+000  1.000000000000000E+000  1.000000000000000E+000
  0.000000000000000E+000  0.000000000000000E+000 -1.000000000000000E+000
  0.000000000000000E+000 -1.000000000000000E+000  0.000000000000000E+000
        </rotation>
      </symmetry>
      <symmetry>
        <info name="inv. 180 deg rotation - cart. axis [1,0,0]" class="not found">lattice_symmetry</info>
        <rotation rank="2" dims="           3           3">
  0.000000000000000E+000  0.000000000000000E+000 -1.000000000000000E+000
  1.000000000000000E+000  1.000000000000000E+000  1.000000000000000E+000
 -1.000000000000000E+000  0.000000000000000E+000  0.000000000000000E+000
        </rotation>
      </symmetry>
      <symmetry>
        <info name="inv. 180 deg rotation - cart. axis [1,1,0]" class="not found">lattice_symmetry</info>
        <rotation rank="2" dims="           3           3">
  0.000000000000000E+000  1.000000000000000E+000  0.000000000000000E+000
  1.000000000000000E+000  0.000000000000000E+000  0.000000000000000E+000
  0.000000000000000E+000  0.000000000000000E+000  1.000000000000000E+000
        </rotation>
      </symmetry>
      <symmetry>
        <info name="inv. 180 deg rotation - cart. axis [1,-1,0]" class="not found">lattice_symmetry</info>
        <rotation rank="2" dims="           3           3">
  1.000000000000000E+000  0.000000000000000E+000  0.000000000000000E+000
  0.000000000000000E+000  1.000000000000000E+000  0.000000000000000E+000
 -1.000000000000000E+000 -1.000000000000000E+000 -1.000000000000000E+000
        </rotation>
      </symmetry>
      <symmetry>
        <info name="inv.  90 deg rotation - cart. axis [0,0,-1]" class="not found">lattice_symmetry</info>
        <rotation rank="2" dims="           3           3">
  0.000000000000000E+000  0.000000000000000E+000  1.000000000000000E+000
 -1.000000000000000E+000 -1.000000000000000E+000 -1.000000000000000E+000
  0.000000000000000E+000  1.000000000000000E+000  0.000000000000000E+000
        </rotation>
      </symmetry>
      <symmetry>
        <info name="inv.  90 deg rotation - cart. axis [0,0,1]" class="not found">lattice_symmetry</info>
        <rotation rank="2" dims="           3           3">
 -1.000000000000000E+000 -1.000000000000000E+000 -1.000000000000000E+000
  0.000000000000000E+000  0.000000000000000E+000  1.000000000000000E+000
  1.000000000000000E+000  0.000000000000000E+000  0.000000000000000E+000
        </rotation>
      </symmetry>
      <symmetry>
        <info name="inv. 180 deg rotation - cart. axis [1,0,1]" class="not found">lattice_symmetry</info>
        <rotation rank="2" dims="           3           3">
  1.000000000000000E+000  0.000000000000000E+000  0.000000000000000E+000
  0.000000000000000E+000  0.000000000000000E+000  1.000000000000000E+000
  0.000000000000000E+000  1.000000000000000E+000  0.000000000000000E+000
        </rotation>
      </symmetry>
      <symmetry>
        <info name="inv. 180 deg rotation - cart. axis [-1,0,1]" class="not found">lattice_symmetry</info>
        <rotation rank="2" dims="           3           3">
 -1.000000000000000E+000 -1.000000000000000E+000 -1.000000000000000E+000
  0.000000000000000E+000  1.000000000000000E+000  0.000000000000000E+000
  0.000000000000000E+000  0.000000000000000E+000  1.000000000000000E+000
        </rotation>
      </symmetry>
      <symmetry>
        <info name="inv.  90 deg rotation - cart. axis [0,1,0]" class="not found">lattice_symmetry</info>
        <rotation rank="2" dims="           3           3">
  0.000000000000000E+000  1.000000000000000E+000  0.000000000000000E+000
 -1.000000000000000E+000 -1.000000000000000E+000 -1.000000000000000E+000
  1.000000000000000E+000  0.000000000000000E+000  0.000000000000000E+000
        </rotation>
      </symmetry>
      <symmetry>
        <info name="inv.  90 deg rotation - cart. axis [0,-1,0]" class="not found">lattice_symmetry</info>
        <rotation rank="2" dims="           3           3">
  0.000000000000000E+000  0.000000000000000E+000  1.000000000000000E+000
  1.000000000000000E+000  0.000000000000000E+000  0.000000000000000E+000
 -1.000000000000000E+000 -1.000000000000000E+000 -1.000000000000000E+000
        </rotation>
      </symmetry>
      <symmetry>
        <info name="inv. 180 deg rotation - cart. axis [0,1,1]" class="not found">lattice_symmetry</info>
        <rotation rank="2" dims="           3           3">
  1.000000000000000E+000  0.000000000000000E+000  0.000000000000000E+000
 -1.000000000000000E+000 -1.000000000000000E+000 -1.000000000000000E+000
  0.000000000000000E+000  0.000000000000000E+000  1.000000000000000E+000
        </rotation>
      </symmetry>
      <symmetry>
        <info name="inv. 180 deg rotation - cart. axis [0,1,-1]" class="not found">lattice_symmetry</info>
        <rotation rank="2" dims="           3           3">
  0.000000000000000E+000  0.000000000000000E+000  1.000000000000000E+000
  0.000000000000000E+000  1.000000000000000E+000  0.000000000000000E+000
  1.000000000000000E+000  0.000000000000000E+000  0.000000000000000E+000
        </rotation>
      </symmetry>
      <symmetry>
        <info name="inv.  90 deg rotation - cart. axis [-1,0,0]" class="not found">lattice_symmetry</info>
        <rotation rank="2" dims="           3           3">
  0.000000000000000E+000  1.000000000000000E+000  0.000000000000000E+000
  0.000000000000000E+000  0.000000000000000E+000  1.000000000000000E+000
 -1.000000000000000E+000 -1.000000000000000E+000 -1.000000000000000E+000
        </rotation>
      </symmetry>
      <symmetry>
        <info name="inv.  90 deg rotation - cart. axis [1,0,0]" class="not found">lattice_symmetry</info>
        <rotation rank="2" dims="           3           3">
 -1.000000000000000E+000 -1.000000000000000E+000 -1.000000000000000E+000
  1.000000000000000E+000  0.000000000000000E+000  0.000000000000000E+000
  0.000000000000000E+000  1.000000000000000E+000  0.000000000000000E+000
        </rotation>
      </symmetry>
      <symmetry>
        <info name="inv. 120 deg rotation - cart. axis [-1,-1,-1]" class="not found">lattice_symmetry</info>
        <rotation rank="2" dims="           3           3">
  1.000000000000000E+000  1.000000000000000E+000  1.000000000000000E+000
  0.000000000000000E+000 -1.000000000000000E+000  0.000000000000000E+000
 -1.000000000000000E+000  0.000000000000000E+000  0.000000000000000E+000
        </rotation>
      </symmetry>
      <symmetry>
        <info name="inv. 120 deg rotation - cart. axis [-1,1,1]" class="not found">lattice_symmetry</info>
        <rotation rank="2" dims="           3           3">
  0.000000000000000E+000  0.000000000000000E+000 -1.000000000000000E+000
 -1.000000000000000E+000  0.000000000000000E+000  0.000000000000000E+000
  0.000000000000000E+000 -1.000000000000000E+000  0.000000000000000E+000
        </rotation>
      </symmetry>
      <symmetry>
        <info name="inv. 120 deg rotation - cart. axis [1,1,-1]" class="not found">lattice_symmetry</info>
        <rotation rank="2" dims="           3           3">
 -1.000000000000000E+000  0.000000000000000E+000  0.000000000000000E+000
  0.000000000000000E+000  0.000000000000000E+000 -1.000000000000000E+000
  1.000000000000000E+000  1.000000000000000E+000  1.000000000000000E+000
        </rotation>
      </symmetry>
      <symmetry>
        <info name="inv. 120 deg rotation - cart. axis [1,-1,1]" class="not found">lattice_symmetry</info>
        <rotation rank="2" dims="           3           3">
  0.000000000000000E+000 -1.000000000000000E+000  0.000000000000000E+000
  1.000000000000000E+000  1.000000000000000E+000  1.000000000000000E+000
  0.000000000000000E+000  0.000000000000000E+000 -1.000000000000000E+000
        </rotation>
      </symmetry>
      <symmetry>
        <info name="inv. 120 deg rotation - cart. axis [1,1,1]" class="not found">lattice_symmetry</info>
        <rotation rank="2" dims="           3           3">
  0.000000000000000E+000  0.000000000000000E+000 -1.000000000000000E+000
  0.000000000000000E+000 -1.000000000000000E+000  0.000000000000000E+000
  1.000000000000000E+000  1.000000000000000E+000  1.000000000000000E+000
        </rotation>
      </symmetry>
      <symmetry>
        <info name="inv. 120 deg rotation - cart. axis [-1,1,-1]" class="not found">lattice_symmetry</info>
        <rotation rank="2" dims="           3           3">
  1.000000000000000E+000  1.000000000000000E+000  1.000000000000000E+000
 -1.000000000000000E+000  0.000000000000000E+000  0.000000000000000E+000
  0.000000000000000E+000  0.000000000000000E+000 -1.000000000000000E+000
        </rotation>
      </symmetry>
      <symmetry>
        <info name="inv. 120 deg rotation - cart. axis [1,-1,-1]" class="not found">lattice_symmetry</info>
        <rotation rank="2" dims="           3           3">
  0.000000000000000E+000 -1.000000000000000E+000  0.000000000000000E+000
  0.000000000000000E+000  0.000000000000000E+000 -1.000000000000000E+000
 -1.000000000000000E+000  0.000000000000000E+000  0.000000000000000E+000
        </rotation>
      </symmetry>
      <symmetry>
        <info name="inv. 120 deg rotation - cart. axis [-1,-1,1]" class="not found">lattice_symmetry</info>
        <rotation rank="2" dims="           3           3">
 -1.000000000000000E+000  0.000000000000000E+000  0.000000000000000E+000
  1.000000000000000E+000  1.000000000000000E+000  1.000000000000000E+000
  0.000000000000000E+000 -1.000000000000000E+000  0.000000000000000E+000
        </rotation>
      </symmetry>
    </symmetries>
    <basis_set>
      <gamma_only>false</gamma_only>
      <ecutwfc>3.000000000000000E+001</ecutwfc>
      <ecutrho>7.200000000000000E+001</ecutrho>
      <fft_grid nr1="27" nr2="27" nr3="27"></fft_grid>
      <fft_smooth nr1="27" nr2="27" nr3="27"></fft_smooth>
      <fft_box nr1="27" nr2="27" nr3="27"></fft_box>
      <ngm>7823</ngm>
      <ngms>7823</ngms>
      <npwx>2148</npwx>
      <reciprocal_lattice>
        <b1>
 -1.000000000000000E+000 -1.000000000000000E+000  1.000000000000000E+000
        </b1>
        <b2>1.000000000000000E+000  1.000000000000000E+000  1.000000000000000E+000</b2>
        <b3>-1.000000000000000E+000  1.000000000000000E+000 -1.000000000000000E+000</b3>
      </reciprocal_lattice>
    </basis_set>
    <dft>
      <functional>PBE</functional>
    </dft>
    <magnetization>
      <lsda>true</lsda>
      <noncolin>false</noncolin>
      <spinorbit>false</spinorbit>
      <total>-7.487166030429887E-016</total>
      <absolute>3.582988508176324E-005</absolute>
      <Scalar_Site_Magnetic_Moments nat="2">
        <SiteMagnetization species="Si" atom="1" charge="1.8286792124357780">-5.029955811021067E-006</SiteMagnetization>
        <SiteMagnetization species="Si" atom="2" charge="1.8316647653922018">5.686873219667227E-006</SiteMagnetization>
      </Scalar_Site_Magnetic_Moments>
    </magnetization>
    <total_energy>
      <etot>-8.455520032466470E+000</etot>
      <eband>3.593602624318927E-001</eband>
      <ehart>5.596362477657241E-001</ehart>
      <vtxc>-3.240779004841988E+000</vtxc>
      <etxc>-3.097380882643044E+000</etxc>
      <ewald>-8.398663927176461E+000</ewald>
    </total_energy>
    <band_structure>
      <lsda>true</lsda>
      <noncolin>false</noncolin>
      <spinorbit>false</spinorbit>
      <nbnd_up>4</nbnd_up>
      <nbnd_dw>4</nbnd_dw>
      <nelec>8.000000000000000E+000</nelec>
      <num_of_atomic_wfc>8</num_of_atomic_wfc>
      <wf_collected>true</wf_collected>
      <highestOccupiedLevel>2.305622786612347E-001</highestOccupiedLevel>
      <two_fermi_energies>2.305622786612347E-001  2.305621078746523E-001</two_fermi_energies>
      <starting_k_points>
        <monkhorst_pack nk1="4" nk2="4" nk3="4" k1="0" k2="0" k3="0">Monkhorst-Pack</monkhorst_pack>
      </starting_k_points>
      <nks>64</nks>
      <occupations_kind>fixed</occupations_kind>
      <ks_energies>
        <k_point weight="1.5625000000000000E-002">0.000000000000000E+000  0.000000000000000E+000  0.000000000000000E+000</k_point>
        <npw>2109</npw>
        <eigenvalues size="8">
 -2.094401790709382E-001  2.305621369523450E-001  2.305621891317501E-001
  2.305622786612347E-001 -2.094401794587859E-001
  2.305620239345574E-001  2.305620830885392E-001  2.305621078746523E-001
        </eigenvalues>
        <occupations size="8">
  1.000000000000000E+000  1.000000000000000E+000  1.000000000000000E+000
  1.000000000000000E+000  1.000000000000000E+000
  1.000000000000000E+000  1.000000000000000E+000  1.000000000000000E+000
        </occupations>
      </ks_energies>
      <ks_energies>
        <k_point weight="1.5625000000000000E-002">
 -2.500000000000000E-001  2.500000000000000E-001 -2.500000000000000E-001
        </k_point>
        <npw>2106</npw>
        <eigenvalues size="8">
 -1.800434875187216E-001  8.583879490322394E-002  2.024401993721898E-001
  2.024402395455442E-001 -1.800434912521098E-001
  8.583871876307386E-002  2.024400868831482E-001  2.024401955688810E-001
        </eigenvalues>
        <occupations size="8">
  1.000000000000000E+000  1.000000000000000E+000  1.000000000000000E+000
  1.000000000000000E+000  1.000000000000000E+000
  1.000000000000000E+000  1.000000000000000E+000  1.000000000000000E+000
        </occupations>
      </ks_energies>
      <ks_energies>
        <k_point weight="1.5625000000000000E-002">
  5.000000000000000E-001 -5.000000000000000E-001  5.000000000000000E-001
        </k_point>
        <npw>2120</npw>
        <eigenvalues size="8">
 -1.237001411468270E-001 -2.609352210356840E-002  1.862620185463935E-001
  1.862620496968696E-001 -1.237001479056429E-001
 -2.609357092663245E-002  1.862619018624900E-001  1.862620178119848E-001
        </eigenvalues>
        <occupations size="8">
  1.000000000000000E+000  1.000000000000000E+000  1.000000000000000E+000
  1.000000000000000E+000  1.000000000000000E+000
  1.000000000000000E+000  1.000000000000000E+000  1.000000000000000E+000
        </occupations>
      </ks_energies>
      <ks_energies>
        <k_point weight="1.5625000000000000E-002">
  2.500000000000000E-001 -2.500000000000000E-001  2.500000000000000E-001
        </k_point>
        <npw>2106</npw>
        <eigenvalues size="8">
 -1.800434875189627E-001  8.583879490590665E-002  2.024401993709674E-001
  2.024402395413842E-001 -1.800434912521024E-001
  8.583871876282351E-002  2.024400868832706E-001  2.024401955688920E-001
        </eigenvalues>
        <occupations size="8">
  1.000000000000000E+000  1.000000000000000E+000  1.000000000000000E+000
  1.000000000000000E+000  1.000000000000000E+000
  1.000000000000000E+000  1.000000000000000E+000  1.000000000000000E+000
        </occupations>
      </ks_energies>
      <ks_energies>
        <k_point weight="1.5625000000000000E-002">
  2.500000000000000E-001  2.500000000000000E-001  2.500000000000000E-001
        </k_point>
        <npw>2106</npw>
        <eigenvalues size="8">
 -1.800434843324397E-001  8.583874577444701E-002  2.024401727067227E-001
  2.024403079516211E-001 -1.800434891865472E-001
  8.583871731274970E-002  2.024400464466315E-001  2.024402354462130E-001
        </eigenvalues>
        <occupations size="8">
  1.000000000000000E+000  1.000000000000000E+000  1.000000000000000E+000
  1.000000000000000E+000  1.000000000000000E+000
  1.000000000000000E+000  1.000000000000000E+000  1.000000000000000E+000
        </occupations>
      </ks_energies>
      <ks_energies>
        <k_point weight="1.5625000000000000E-002">
  0.000000000000000E+000  5.000000000000000E-001  0.000000000000000E+000
        </k_point>
        <npw>2085</npw>
        <eigenvalues size="8">
 -1.696699426032797E-001  1.010558184097252E-001  1.607160809962216E-001
  1.607164343662803E-001 -1.696699495478222E-001
  1.010557554186018E-001  1.607160078403848E-001  1.607164206396771E-001
        </eigenvalues>
        <occupations size="8">
  1.000000000000000E+000  1.000000000000000E+000  1.000000000000000E+000
  1.000000000000000E+000  1.000000000000000E+000
  1.000000000000000E+000  1.000000000000000E+000  1.000000000000000E+000
        </occupations>
      </ks_energies>
      <ks_energies>
        <k_point weight="1.5625000000000000E-002">
  7.500000000000000E-001 -2.500000000000000E-001  7.500000000000000E-001
        </k_point>
        <npw>2123</npw>
        <eigenvalues size="8">
 -1.095078641937945E-001 -4.396801295820334E-003  1.001740446412719E-001
  1.491226990410057E-001 -1.095078696982327E-001
 -4.396915283380048E-003  1.001742053596691E-001  1.491225855634676E-001
        </eigenvalues>
        <occupations size="8">
  1.000000000000000E+000  1.000000000000000E+000  1.000000000000000E+000
  1.000000000000000E+000  1.000000000000000E+000
  1.000000000000000E+000  1.000000000000000E+000  1.000000000000000E+000
        </occupations>
      </ks_energies>
      <ks_energies>
        <k_point weight="1.5625000000000000E-002">
  5.000000000000000E-001  0.000000000000000E+000  5.000000000000000E-001
        </k_point>
        <npw>2119</npw>
        <eigenvalues size="8">
 -1.343028028832594E-001  2.880132606984219E-002  9.210525715158940E-002
  1.814767317356249E-001 -1.343028083825927E-001
  2.880114890800753E-002  9.210546884286783E-002  1.814766034122919E-001
        </eigenvalues>
        <occupations size="8">
  1.000000000000000E+000  1.000000000000000E+000  1.000000000000000E+000
  1.000000000000000E+000  1.000000000000000E+000
  1.000000000000000E+000  1.000000000000000E+000  1.000000000000000E+000
        </occupations>
      </ks_energies>
      <ks_energies>
        <k_point weight="1.5625000000000000E-002">
 -5.000000000000000E-001 -5.000000000000000E-001 -5.000000000000000E-001
        </k_point>
        <npw>2120</npw>
        <eigenvalues size="8">
 -1.237001154917836E-001 -2.609358621771722E-002  1.862620325207346E-001
  1.862620698320074E-001 -1.237001362971950E-001
 -2.609358432798658E-002  1.862618797670651E-001  1.862620365655794E-001
        </eigenvalues>
        <occupations size="8">
  1.000000000000000E+000  1.000000000000000E+000  1.000000000000000E+000
  1.000000000000000E+000  1.000000000000000E+000
  1.000000000000000E+000  1.000000000000000E+000  1.000000000000000E+000
        </occupations>
      </ks_energies>
      <ks_energies>
        <k_point weight="1.5625000000000000E-002">
 -7.500000000000000E-001 -2.500000000000000E-001 -7.500000000000000E-001
        </k_point>
        <npw>2123</npw>
        <eigenvalues size="8">
 -1.095078461875594E-001 -4.396867615215660E-003  1.001741087239192E-001
  1.491227011686019E-001 -1.095078632356589E-001
 -4.396920194909416E-003  1.001741942308698E-001  1.491225795467466E-001
        </eigenvalues>
        <occupations size="8">
  1.000000000000000E+000  1.000000000000000E+000  1.000000000000000E+000
  1.000000000000000E+000  1.000000000000000E+000
  1.000000000000000E+000  1.000000000000000E+000  1.000000000000000E+000
        </occupations>
      </ks_energies>
      <ks_energies>
        <k_point weight="1.5625000000000000E-002">
  0.000000000000000E+000 -1.000000000000000E+000  0.000000000000000E+000
        </k_point>
        <npw>2100</npw>
        <eigenvalues size="8">
 -5.708139768747594E-002 -5.708087239280452E-002  1.252754151765871E-001
  1.252757859098670E-001 -5.708141780656907E-002
 -5.708091028388469E-002  1.252753585790601E-001  1.252757894130221E-001
        </eigenvalues>
        <occupations size="8">
  1.000000000000000E+000  1.000000000000000E+000  1.000000000000000E+000
  1.000000000000000E+000  1.000000000000000E+000
  1.000000000000000E+000  1.000000000000000E+000  1.000000000000000E+000
        </occupations>
      </ks_energies>
      <ks_energies>
        <k_point weight="1.5625000000000000E-002">
 -2.500000000000000E-001 -7.500000000000000E-001 -2.500000000000000E-001
        </k_point>
        <npw>2123</npw>
        <eigenvalues size="8">
 -1.095078461874941E-001 -4.396867615183599E-003  1.001741087232710E-001
  1.491227011678221E-001 -1.095078632356738E-001
 -4.396920195189975E-003  1.001741942310519E-001  1.491225795463162E-001
        </eigenvalues>
        <occupations size="8">
  1.000000000000000E+000  1.000000000000000E+000  1.000000000000000E+000
  1.000000000000000E+000  1.000000000000000E+000
  1.000000000000000E+000  1.000000000000000E+000  1.000000000000000E+000
        </occupations>
      </ks_energies>
      <ks_energies>
        <k_point weight="1.5625000000000000E-002">
 -2.500000000000000E-001 -2.500000000000000E-001 -2.500000000000000E-001
        </k_point>
        <npw>2106</npw>
        <eigenvalues size="8">
 -1.800434843324586E-001  8.583874577414084E-002  2.024401727076379E-001
  2.024403079518365E-001 -1.800434891865505E-001
  8.583871731291098E-002  2.024400464464674E-001  2.024402354461494E-001
        </eigenvalues>
        <occupations size="8">
  1.000000000000000E+000  1.000000000000000E+000  1.000000000000000E+000
  1.000000000000000E+000  1.000000000000000E+000
  1.000000000000000E+000  1.000000000000000E+000  1.000000000000000E+000
        </occupations>
      </ks_energies>
      <ks_energies>
        <k_point weight="1.5625000000000000E-002">
 -5.000000000000000E-001  0.000000000000000E+000 -5.000000000000000E-001
        </k_point>
        <npw>2119</npw>
        <eigenvalues size="8">
 -1.343028028832632E-001  2.880132606984302E-002  9.210525715158682E-002
  1.814767317355712E-001 -1.343028083825924E-001
  2.880114890800809E-002  9.210546884286738E-002  1.814766034122860E-001
        </eigenvalues>
        <occupations size="8">
  1.000000000000000E+000  1.000000000000000E+000  1.000000000000000E+000
  1.000000000000000E+000  1.000000000000000E+000
  1.000000000000000E+000  1.000000000000000E+000  1.000000000000000E+000
        </occupations>
      </ks_energies>
      <ks_energies>
        <k_point weight="1.5625000000000000E-002">
  2.500000000000000E-001 -7.500000000000000E-001  2.500000000000000E-001
        </k_point>
        <npw>2123</npw>
        <eigenvalues size="8">
 -1.095078641938695E-001 -4.396801296166306E-003  1.001740446412620E-001
  1.491226990408984E-001 -1.095078696982673E-001
 -4.396915283605508E-003  1.001742053601536E-001  1.491225855636425E-001
        </eigenvalues>
        <occupations size="8">
  1.000000000000000E+000  1.000000000000000E+000  1.000000000000000E+000
  1.000000000000000E+000  1.000000000000000E+000
  1.000000000000000E+000  1.000000000000000E+000  1.000000000000000E+000
        </occupations>
      </ks_energies>
      <ks_energies>
        <k_point weight="1.5625000000000000E-002">
  0.000000000000000E+000 -5.000000000000000E-001  0.000000000000000E+000
        </k_point>
        <npw>2085</npw>
        <eigenvalues size="8">
 -1.696699426032779E-001  1.010558184097878E-001  1.607160809963264E-001
  1.607164343663476E-001 -1.696699495478153E-001
  1.010557554186297E-001  1.607160078404207E-001  1.607164206396029E-001
        </eigenvalues>
        <occupations size="8">
  1.000000000000000E+000  1.000000000000000E+000  1.000000000000000E+000
  1.000000000000000E+000  1.000000000000000E+000
  1.000000000000000E+000  1.000000000000000E+000  1.000000000000000E+000
        </occupations>
      </ks_energies>
      <ks_energies>
        <k_point weight="1.5625000000000000E-002">
 -2.500000000000000E-001 -2.500000000000000E-001  2.500000000000000E-001
        </k_point>
        <npw>2106</npw>
        <eigenvalues size="8">
 -1.800434788057376E-001  8.583868380181567E-002  2.024402137251697E-001
  2.024402544934928E-001 -1.800434870396463E-001
  8.583870272031527E-002  2.024401528244703E-001  2.024401998305596E-001
        </eigenvalues>
        <occupations size="8">
  1.000000000000000E+000  1.000000000000000E+000  1.000000000000000E+000
  1.000000000000000E+000  1.000000000000000E+000
  1.000000000000000E+000  1.000000000000000E+000  1.000000000000000E+000
        </occupations>
      </ks_energies>
      <ks_energies>
        <k_point weight="1.5625000000000000E-002">
 -5.000000000000000E-001  0.000000000000000E+000  0.000000000000000E+000
        </k_point>
        <npw>2085</npw>
        <eigenvalues size="8">
 -1.696699425598262E-001  1.010558194165706E-001  1.607162322514943E-001
  1.607162795536491E-001 -1.696699495825717E-001
  1.010557545305603E-001  1.607161779401803E-001  1.607162535850859E-001
        </eigenvalues>
        <occupations size="8">
  1.000000000000000E+000  1.000000000000000E+000  1.000000000000000E+000
  1.000000000000000E+000  1.000000000000000E+000
  1.000000000000000E+000  1.000000000000000E+000  1.000000000000000E+000
        </occupations>
      </ks_energies>
      <ks_energies>
        <k_point weight="1.5625000000000000E-002">
  2.500000000000000E-001 -7.500000000000000E-001  7.500000000000000E-001
        </k_point>
        <npw>2123</npw>
        <eigenvalues size="8">
 -1.095078642663081E-001 -4.396800248005806E-003  1.001740608768373E-001
  1.491226534855915E-001 -1.095078717057894E-001
 -4.396898802268652E-003  1.001741264800745E-001  1.491226691094053E-001
        </eigenvalues>
        <occupations size="8">
  1.000000000000000E+000  1.000000000000000E+000  1.000000000000000E+000
  1.000000000000000E+000  1.000000000000000E+000
  1.000000000000000E+000  1.000000000000000E+000  1.000000000000000E+000
        </occupations>
      </ks_energies>
      <ks_energies>
        <k_point weight="1.5625000000000000E-002">
  0.000000000000000E+000 -5.000000000000000E-001  5.000000000000000E-001
        </k_point>
        <npw>2119</npw>
        <eigenvalues size="8">
 -1.343027876589214E-001  2.880120848778706E-002  9.210537649284159E-002
  1.814767021719615E-001 -1.343028055479930E-001
  2.880118336762921E-002  9.210537006731745E-002  1.814766812944339E-001
        </eigenvalues>
        <occupations size="8">
  1.000000000000000E+000  1.000000000000000E+000  1.000000000000000E+000
  1.000000000000000E+000  1.000000000000000E+000
  1.000000000000000E+000  1.000000000000000E+000  1.000000000000000E+000
        </occupations>
      </ks_energies>
      <ks_energies>
        <k_point weight="1.5625000000000000E-002">
  0.000000000000000E+000  0.000000000000000E+000  5.000000000000000E-001
        </k_point>
        <npw>2085</npw>
        <eigenvalues size="8">
 -1.696699424021699E-001  1.010558235662219E-001  1.607160834829361E-001
  1.607164154089752E-001 -1.696699497430669E-001
  1.010557504660356E-001  1.607160437992949E-001  1.607164006556031E-001
        </eigenvalues>
        <occupations size="8">
  1.000000000000000E+000  1.000000000000000E+000  1.000000000000000E+000
  1.000000000000000E+000  1.000000000000000E+000
  1.000000000000000E+000  1.000000000000000E+000  1.000000000000000E+000
        </occupations>
      </ks_energies>
      <ks_energies>
        <k_point weight="1.5625000000000000E-002">
 -2.500000000000000E-001  2.500000000000000E-001  2.500000000000000E-001
        </k_point>
        <npw>2106</npw>
        <eigenvalues size="8">
 -1.800434840756354E-001  8.583874167057606E-002  2.024401419114996E-001
  2.024403430878155E-001 -1.800434906490211E-001
  8.583873019308375E-002  2.024400233910927E-001  2.024402527407311E-001
        </eigenvalues>
        <occupations size="8">
  1.000000000000000E+000  1.000000000000000E+000  1.000000000000000E+000
  1.000000000000000E+000  1.000000000000000E+000
  1.000000000000000E+000  1.000000000000000E+000  1.000000000000000E+000
        </occupations>
      </ks_energies>
      <ks_energies>
        <k_point weight="1.5625000000000000E-002">
  5.000000000000000E-001 -5.000000000000000E-001  1.000000000000000E+000
        </k_point>
        <npw>2119</npw>
        <eigenvalues size="8">
 -1.343028022503985E-001  2.880131985467781E-002  9.210526665987859E-002
  1.814767234737168E-001 -1.343028117789392E-001
  2.880116702496122E-002  9.210545456473668E-002  1.814766107419948E-001
        </eigenvalues>
        <occupations size="8">
  1.000000000000000E+000  1.000000000000000E+000  1.000000000000000E+000
  1.000000000000000E+000  1.000000000000000E+000
  1.000000000000000E+000  1.000000000000000E+000  1.000000000000000E+000
        </occupations>
      </ks_energies>
      <ks_energies>
        <k_point weight="1.5625000000000000E-002">
  2.500000000000000E-001 -2.500000000000000E-001  7.500000000000000E-001
        </k_point>
        <npw>2123</npw>
        <eigenvalues size="8">
 -1.095078637140430E-001 -4.396800829586666E-003  1.001740458222254E-001
  1.491226890935212E-001 -1.095078697434857E-001
 -4.396918332398881E-003  1.001742097758025E-001  1.491225967954808E-001
        </eigenvalues>
        <occupations size="8">
  1.000000000000000E+000  1.000000000000000E+000  1.000000000000000E+000
  1.000000000000000E+000  1.000000000000000E+000
  1.000000000000000E+000  1.000000000000000E+000  1.000000000000000E+000
        </occupations>
      </ks_energies>
      <ks_energies>
        <k_point weight="1.5625000000000000E-002">
 -7.500000000000000E-001 -7.500000000000000E-001 -2.500000000000000E-001
        </k_point>
        <npw>2123</npw>
        <eigenvalues size="8">
 -1.095078457846247E-001 -4.396865927442452E-003  1.001741226236998E-001
  1.491226488128574E-001 -1.095078672226324E-001
 -4.396891371107424E-003  1.001740716346711E-001  1.491226984746485E-001
        </eigenvalues>
        <occupations size="8">
  1.000000000000000E+000  1.000000000000000E+000  1.000000000000000E+000
  1.000000000000000E+000  1.000000000000000E+000
  1.000000000000000E+000  1.000000000000000E+000  1.000000000000000E+000
        </occupations>
      </ks_energies>
      <ks_energies>
        <k_point weight="1.5625000000000000E-002">
 -1.000000000000000E+000 -5.000000000000000E-001 -5.000000000000000E-001
        </k_point>
        <npw>2119</npw>
        <eigenvalues size="8">
 -1.343027930794182E-001  2.880124253708824E-002  9.210533621067279E-002
  1.814767432552938E-001 -1.343028088179536E-001
  2.880119324524155E-002  9.210539026902032E-002  1.814766268576334E-001
        </eigenvalues>
        <occupations size="8">
  1.000000000000000E+000  1.000000000000000E+000  1.000000000000000E+000
  1.000000000000000E+000  1.000000000000000E+000
  1.000000000000000E+000  1.000000000000000E+000  1.000000000000000E+000
        </occupations>
      </ks_energies>
      <ks_energies>
        <k_point weight="1.5625000000000000E-002">
 -2.500000000000000E-001 -1.250000000000000E+000  2.500000000000000E-001
        </k_point>
        <npw>2123</npw>
        <eigenvalues size="8">
 -1.095078446967845E-001 -4.396872139870705E-003  1.001741287409573E-001
  1.491226562112584E-001 -1.095078734502114E-001
 -4.396872518386975E-003  1.001740602554806E-001  1.491226933554911E-001
        </eigenvalues>
        <occupations size="8">
  1.000000000000000E+000  1.000000000000000E+000  1.000000000000000E+000
  1.000000000000000E+000  1.000000000000000E+000
  1.000000000000000E+000  1.000000000000000E+000  1.000000000000000E+000
        </occupations>
      </ks_energies>
      <ks_energies>
        <k_point weight="1.5625000000000000E-002">
 -5.000000000000000E-001 -1.000000000000000E+000  0.000000000000000E+000
        </k_point>
        <npw>2148</npw>
        <eigenvalues size="8">
 -5.103232952585803E-002 -5.103177482843531E-002  8.840735375555421E-002
  8.840757814881588E-002 -5.103237147388984E-002
 -5.103181076750560E-002  8.840735414095964E-002  8.840763560149993E-002
        </eigenvalues>
        <occupations size="8">
  1.000000000000000E+000  1.000000000000000E+000  1.000000000000000E+000
  1.000000000000000E+000  1.000000000000000E+000
  1.000000000000000E+000  1.000000000000000E+000  1.000000000000000E+000
        </occupations>
      </ks_energies>
      <ks_energies>
        <k_point weight="1.5625000000000000E-002">
 -5.000000000000000E-001 -5.000000000000000E-001  0.000000000000000E+000
        </k_point>
        <npw>2119</npw>
        <eigenvalues size="8">
 -1.343027786673394E-001  2.880113205746865E-002  9.210544993152588E-002
  1.814767080073225E-001 -1.343028024050520E-001
  2.880120859952040E-002  9.210530223086860E-002  1.814767108000030E-001
        </eigenvalues>
        <occupations size="8">
  1.000000000000000E+000  1.000000000000000E+000  1.000000000000000E+000
  1.000000000000000E+000  1.000000000000000E+000
  1.000000000000000E+000  1.000000000000000E+000  1.000000000000000E+000
        </occupations>
      </ks_energies>
      <ks_energies>
        <k_point weight="1.5625000000000000E-002">
 -7.500000000000000E-001 -2.500000000000000E-001 -2.500000000000000E-001
        </k_point>
        <npw>2123</npw>
        <eigenvalues size="8">
 -1.095078459314465E-001 -4.396867373018882E-003  1.001741068361736E-001
  1.491226974967287E-001 -1.095078646265155E-001
 -4.396910030279606E-003  1.001741554877896E-001  1.491226131164556E-001
        </eigenvalues>
        <occupations size="8">
  1.000000000000000E+000  1.000000000000000E+000  1.000000000000000E+000
  1.000000000000000E+000  1.000000000000000E+000
  1.000000000000000E+000  1.000000000000000E+000  1.000000000000000E+000
        </occupations>
      </ks_energies>
      <ks_energies>
        <k_point weight="1.5625000000000000E-002">
  0.000000000000000E+000 -1.000000000000000E+000  5.000000000000000E-001
        </k_point>
        <npw>2148</npw>
        <eigenvalues size="8">
 -5.103226770164643E-002 -5.103183762294573E-002  8.840732901654398E-002
  8.840760566345630E-002 -5.103230485108558E-002
 -5.103187641888923E-002  8.840732978134021E-002  8.840765711935751E-002
        </eigenvalues>
        <occupations size="8">
  1.000000000000000E+000  1.000000000000000E+000  1.000000000000000E+000
  1.000000000000000E+000  1.000000000000000E+000
  1.000000000000000E+000  1.000000000000000E+000  1.000000000000000E+000
        </occupations>
      </ks_energies>
      <ks_energies>
        <k_point weight="1.5625000000000000E-002">
 -2.500000000000000E-001 -7.500000000000000E-001  2.500000000000000E-001
        </k_point>
        <npw>2123</npw>
        <eigenvalues size="8">
 -1.095078165581142E-001 -4.396966544375639E-003  1.001742107379999E-001
  1.491226560341898E-001 -1.095078597812187E-001
 -4.396901562329551E-003  1.001740715774217E-001  1.491226878718749E-001
        </eigenvalues>
        <occupations size="8">
  1.000000000000000E+000  1.000000000000000E+000  1.000000000000000E+000
  1.000000000000000E+000  1.000000000000000E+000
  1.000000000000000E+000  1.000000000000000E+000  1.000000000000000E+000
        </occupations>
      </ks_energies>
      <ks_energies>
        <k_point weight="1.5625000000000000E-002">
  5.000000000000000E-001  5.000000000000000E-001 -5.000000000000000E-001
        </k_point>
        <npw>2120</npw>
        <eigenvalues size="8">
 -1.237000734361832E-001 -2.609368083362683E-002  1.862620290179113E-001
  1.862620448293632E-001 -1.237001233718916E-001
 -2.609360581546324E-002  1.862619686028916E-001  1.862620188258592E-001
        </eigenvalues>
        <occupations size="8">
  1.000000000000000E+000  1.000000000000000E+000  1.000000000000000E+000
  1.000000000000000E+000  1.000000000000000E+000
  1.000000000000000E+000  1.000000000000000E+000  1.000000000000000E+000
        </occupations>
      </ks_energies>
      <ks_energies>
        <k_point weight="1.5625000000000000E-002">
  2.500000000000000E-001  7.500000000000000E-001 -7.500000000000000E-001
        </k_point>
        <npw>2123</npw>
        <eigenvalues size="8">
 -1.095078166299301E-001 -4.396966612917874E-003  1.001742126227010E-001
  1.491226562086062E-001 -1.095078585357935E-001
 -4.396911840708658E-003  1.001741102992143E-001  1.491226573224455E-001
        </eigenvalues>
        <occupations size="8">
  1.000000000000000E+000  1.000000000000000E+000  1.000000000000000E+000
  1.000000000000000E+000  1.000000000000000E+000
  1.000000000000000E+000  1.000000000000000E+000  1.000000000000000E+000
        </occupations>
      </ks_energies>
      <ks_energies>
        <k_point weight="1.5625000000000000E-002">
  1.000000000000000E+000  0.000000000000000E+000  0.000000000000000E+000
        </k_point>
        <npw>2100</npw>
        <eigenvalues size="8">
 -5.708125754199271E-002 -5.708101202559515E-002  1.252755742035669E-001
  1.252756231070687E-001 -5.708128957009752E-002
 -5.708103895559782E-002  1.252755375847754E-001  1.252756135180291E-001
        </eigenvalues>
        <occupations size="8">
  1.000000000000000E+000  1.000000000000000E+000  1.000000000000000E+000
  1.000000000000000E+000  1.000000000000000E+000
  1.000000000000000E+000  1.000000000000000E+000  1.000000000000000E+000
        </occupations>
      </ks_energies>
      <ks_energies>
        <k_point weight="1.5625000000000000E-002">
  7.500000000000000E-001  2.500000000000000E-001 -2.500000000000000E-001
        </k_point>
        <npw>2123</npw>
        <eigenvalues size="8">
 -1.095078166299212E-001 -4.396966613014352E-003  1.001742126228723E-001
  1.491226562086565E-001 -1.095078585357260E-001
 -4.396911840451266E-003  1.001741102995614E-001  1.491226573224897E-001
        </eigenvalues>
        <occupations size="8">
  1.000000000000000E+000  1.000000000000000E+000  1.000000000000000E+000
  1.000000000000000E+000  1.000000000000000E+000
  1.000000000000000E+000  1.000000000000000E+000  1.000000000000000E+000
        </occupations>
      </ks_energies>
      <ks_energies>
        <k_point weight="1.5625000000000000E-002">
  7.500000000000000E-001  7.500000000000000E-001 -2.500000000000000E-001
        </k_point>
        <npw>2123</npw>
        <eigenvalues size="8">
 -1.095078161694106E-001 -4.396965899598190E-003  1.001742102739296E-001
  1.491226491868083E-001 -1.095078605031717E-001
 -4.396899597158162E-003  1.001740665041468E-001  1.491226929837342E-001
        </eigenvalues>
        <occupations size="8">
  1.000000000000000E+000  1.000000000000000E+000  1.000000000000000E+000
  1.000000000000000E+000  1.000000000000000E+000
  1.000000000000000E+000  1.000000000000000E+000  1.000000000000000E+000
        </occupations>
      </ks_energies>
      <ks_energies>
        <k_point weight="1.5625000000000000E-002">
  5.000000000000000E-001  1.000000000000000E+000 -5.000000000000000E-001
        </k_point>
        <npw>2119</npw>
        <eigenvalues size="8">
 -1.343027778104730E-001  2.880112469506898E-002  9.210545466942149E-002
  1.814767172437683E-001 -1.343028060201537E-001
  2.880122785749388E-002  9.210529246617716E-002  1.814767013220985E-001
        </eigenvalues>
        <occupations size="8">
  1.000000000000000E+000  1.000000000000000E+000  1.000000000000000E+000
  1.000000000000000E+000  1.000000000000000E+000
  1.000000000000000E+000  1.000000000000000E+000  1.000000000000000E+000
        </occupations>
      </ks_energies>
      <ks_energies>
        <k_point weight="1.5625000000000000E-002">
  1.250000000000000E+000  2.500000000000000E-001  2.500000000000000E-001
        </k_point>
        <npw>2123</npw>
        <eigenvalues size="8">
 -1.095078444693136E-001 -4.396872895621176E-003  1.001741125091952E-001
  1.491226978479527E-001 -1.095078715717994E-001
 -4.396889245744285E-003  1.001741390441506E-001  1.491226132117308E-001
        </eigenvalues>
        <occupations size="8">
  1.000000000000000E+000  1.000000000000000E+000  1.000000000000000E+000
  1.000000000000000E+000  1.000000000000000E+000
  1.000000000000000E+000  1.000000000000000E+000  1.000000000000000E+000
        </occupations>
      </ks_energies>
      <ks_energies>
        <k_point weight="1.5625000000000000E-002">
  1.000000000000000E+000  5.000000000000000E-001  0.000000000000000E+000
        </k_point>
        <npw>2148</npw>
        <eigenvalues size="8">
 -5.103226971387496E-002 -5.103183437333296E-002  8.840734080582101E-002
  8.840759018008267E-002 -5.103231440362546E-002
 -5.103186806351397E-002  8.840736280643181E-002  8.840762769841780E-002
        </eigenvalues>
        <occupations size="8">
  1.000000000000000E+000  1.000000000000000E+000  1.000000000000000E+000
  1.000000000000000E+000  1.000000000000000E+000
  1.000000000000000E+000  1.000000000000000E+000  1.000000000000000E+000
        </occupations>
      </ks_energies>
      <ks_energies>
        <k_point weight="1.5625000000000000E-002">
  0.000000000000000E+000  0.000000000000000E+000 -1.000000000000000E+000
        </k_point>
        <npw>2100</npw>
        <eigenvalues size="8">
 -5.708140178340171E-002 -5.708086581189701E-002  1.252754184432069E-001
  1.252757661844107E-001 -5.708143739890233E-002
 -5.708089310186393E-002  1.252753963677662E-001  1.252757676616723E-001
        </eigenvalues>
        <occupations size="8">
  1.000000000000000E+000  1.000000000000000E+000  1.000000000000000E+000
  1.000000000000000E+000  1.000000000000000E+000
  1.000000000000000E+000  1.000000000000000E+000  1.000000000000000E+000
        </occupations>
      </ks_energies>
      <ks_energies>
        <k_point weight="1.5625000000000000E-002">
 -2.500000000000000E-001  2.500000000000000E-001 -1.250000000000000E+000
        </k_point>
        <npw>2123</npw>
        <eigenvalues size="8">
 -1.095078443058854E-001 -4.396872720768250E-003  1.001741155833826E-001
  1.491226917385653E-001 -1.095078702362144E-001
 -4.396902399624356E-003  1.001741821875387E-001  1.491225906771596E-001
        </eigenvalues>
        <occupations size="8">
  1.000000000000000E+000  1.000000000000000E+000  1.000000000000000E+000
  1.000000000000000E+000  1.000000000000000E+000
  1.000000000000000E+000  1.000000000000000E+000  1.000000000000000E+000
        </occupations>
      </ks_energies>
      <ks_energies>
        <k_point weight="1.5625000000000000E-002">
  5.000000000000000E-001 -5.000000000000000E-001 -5.000000000000000E-001
        </k_point>
        <npw>2120</npw>
        <eigenvalues size="8">
 -1.237001134135017E-001 -2.609359144066976E-002  1.862620392869564E-001
  1.862620668827644E-001 -1.237001466356070E-001
 -2.609356295947995E-002  1.862618880080979E-001  1.862620250341718E-001
        </eigenvalues>
        <occupations size="8">
  1.000000000000000E+000  1.000000000000000E+000  1.000000000000000E+000
  1.000000000000000E+000  1.000000000000000E+000
  1.000000000000000E+000  1.000000000000000E+000  1.000000000000000E+000
        </occupations>
      </ks_energies>
      <ks_energies>
        <k_point weight="1.5625000000000000E-002">
  2.500000000000000E-001 -2.500000000000000E-001 -7.500000000000000E-001
        </k_point>
        <npw>2123</npw>
        <eigenvalues size="8">
 -1.095078443057124E-001 -4.396872719759136E-003  1.001741155813052E-001
  1.491226917379161E-001 -1.095078702361999E-001
 -4.396902399510853E-003  1.001741821875002E-001  1.491225906771572E-001
        </eigenvalues>
        <occupations size="8">
  1.000000000000000E+000  1.000000000000000E+000  1.000000000000000E+000
  1.000000000000000E+000  1.000000000000000E+000
  1.000000000000000E+000  1.000000000000000E+000  1.000000000000000E+000
        </occupations>
      </ks_energies>
      <ks_energies>
        <k_point weight="1.5625000000000000E-002">
  2.500000000000000E-001  2.500000000000000E-001 -7.500000000000000E-001
        </k_point>
        <npw>2123</npw>
        <eigenvalues size="8">
 -1.095078161695199E-001 -4.396965900302734E-003  1.001742102750263E-001
  1.491226491868556E-001 -1.095078605036016E-001
 -4.396899599163230E-003  1.001740665049526E-001  1.491226929832293E-001
        </eigenvalues>
        <occupations size="8">
  1.000000000000000E+000  1.000000000000000E+000  1.000000000000000E+000
  1.000000000000000E+000  1.000000000000000E+000
  1.000000000000000E+000  1.000000000000000E+000  1.000000000000000E+000
        </occupations>
      </ks_energies>
      <ks_energies>
        <k_point weight="1.5625000000000000E-002">
  0.000000000000000E+000  5.000000000000000E-001 -1.000000000000000E+000
        </k_point>
        <npw>2148</npw>
        <eigenvalues size="8">
 -5.103226971387527E-002 -5.103183437332943E-002  8.840734080581762E-002
  8.840759018008391E-002 -5.103231440366177E-002
 -5.103186806350718E-002  8.840736280644486E-002  8.840762769841078E-002
        </eigenvalues>
        <occupations size="8">
  1.000000000000000E+000  1.000000000000000E+000  1.000000000000000E+000
  1.000000000000000E+000  1.000000000000000E+000
  1.000000000000000E+000  1.000000000000000E+000  1.000000000000000E+000
        </occupations>
      </ks_energies>
      <ks_energies>
        <k_point weight="1.5625000000000000E-002">
  7.500000000000000E-001 -2.500000000000000E-001 -2.500000000000000E-001
        </k_point>
        <npw>2123</npw>
        <eigenvalues size="8">
 -1.095078444693133E-001 -4.396872895699705E-003  1.001741125091238E-001
  1.491226978477662E-001 -1.095078715718059E-001
 -4.396889245832435E-003  1.001741390442145E-001  1.491226132115888E-001
        </eigenvalues>
        <occupations size="8">
  1.000000000000000E+000  1.000000000000000E+000  1.000000000000000E+000
  1.000000000000000E+000  1.000000000000000E+000
  1.000000000000000E+000  1.000000000000000E+000  1.000000000000000E+000
        </occupations>
      </ks_energies>
      <ks_energies>
        <k_point weight="1.5625000000000000E-002">
  5.000000000000000E-001  0.000000000000000E+000 -5.000000000000000E-001
        </k_point>
        <npw>2119</npw>
        <eigenvalues size="8">
 -1.343027778104647E-001  2.880112469525423E-002  9.210545466941217E-002
  1.814767172437813E-001 -1.343028060201540E-001
  2.880122785749296E-002  9.210529246618063E-002  1.814767013220932E-001
        </eigenvalues>
        <occupations size="8">
  1.000000000000000E+000  1.000000000000000E+000  1.000000000000000E+000
  1.000000000000000E+000  1.000000000000000E+000
  1.000000000000000E+000  1.000000000000000E+000  1.000000000000000E+000
        </occupations>
      </ks_energies>
      <ks_energies>
        <k_point weight="1.5625000000000000E-002">
  2.500000000000000E-001  2.500000000000000E-001 -2.500000000000000E-001
        </k_point>
        <npw>2106</npw>
        <eigenvalues size="8">
 -1.800434788057459E-001  8.583868380214751E-002  2.024402137254650E-001
  2.024402544926307E-001 -1.800434870396302E-001
  8.583870272043684E-002  2.024401528241397E-001  2.024401998304232E-001
        </eigenvalues>
        <occupations size="8">
  1.000000000000000E+000  1.000000000000000E+000  1.000000000000000E+000
  1.000000000000000E+000  1.000000000000000E+000
  1.000000000000000E+000  1.000000000000000E+000  1.000000000000000E+000
        </occupations>
      </ks_energies>
      <ks_energies>
        <k_point weight="1.5625000000000000E-002">
  0.000000000000000E+000  5.000000000000000E-001 -5.000000000000000E-001
        </k_point>
        <npw>2119</npw>
        <eigenvalues size="8">
 -1.343027876589206E-001  2.880120848778880E-002  9.210537649284375E-002
  1.814767021719532E-001 -1.343028055479981E-001
  2.880118336763830E-002  9.210537006730171E-002  1.814766812943839E-001
        </eigenvalues>
        <occupations size="8">
  1.000000000000000E+000  1.000000000000000E+000  1.000000000000000E+000
  1.000000000000000E+000  1.000000000000000E+000
  1.000000000000000E+000  1.000000000000000E+000  1.000000000000000E+000
        </occupations>
      </ks_energies>
      <ks_energies>
        <k_point weight="1.5625000000000000E-002">
  7.500000000000000E-001 -2.500000000000000E-001  2.500000000000000E-001
        </k_point>
        <npw>2123</npw>
        <eigenvalues size="8">
 -1.095078642667985E-001 -4.396800249643637E-003  1.001740608827717E-001
  1.491226534854381E-001 -1.095078717057522E-001
 -4.396898801449230E-003  1.001741264788645E-001  1.491226691094751E-001
        </eigenvalues>
        <occupations size="8">
  1.000000000000000E+000  1.000000000000000E+000  1.000000000000000E+000
  1.000000000000000E+000  1.000000000000000E+000
  1.000000000000000E+000  1.000000000000000E+000  1.000000000000000E+000
        </occupations>
      </ks_energies>
      <ks_energies>
        <k_point weight="1.5625000000000000E-002">
  5.000000000000000E-001  0.000000000000000E+000  0.000000000000000E+000
        </k_point>
        <npw>2085</npw>
        <eigenvalues size="8">
 -1.696699425598377E-001  1.010558194166233E-001  1.607162322514649E-001
  1.607162795529931E-001 -1.696699495825730E-001
  1.010557545304321E-001  1.607161779400952E-001  1.607162535851047E-001
        </eigenvalues>
        <occupations size="8">
  1.000000000000000E+000  1.000000000000000E+000  1.000000000000000E+000
  1.000000000000000E+000  1.000000000000000E+000
  1.000000000000000E+000  1.000000000000000E+000  1.000000000000000E+000
        </occupations>
      </ks_energies>
      <ks_energies>
        <k_point weight="1.5625000000000000E-002">
  5.000000000000000E-001  5.000000000000000E-001  0.000000000000000E+000
        </k_point>
        <npw>2119</npw>
        <eigenvalues size="8">
 -1.343027786673412E-001  2.880113205746391E-002  9.210544993152428E-002
  1.814767080073177E-001 -1.343028024050438E-001
  2.880120859952090E-002  9.210530223087193E-002  1.814767108000003E-001
        </eigenvalues>
        <occupations size="8">
  1.000000000000000E+000  1.000000000000000E+000  1.000000000000000E+000
  1.000000000000000E+000  1.000000000000000E+000
  1.000000000000000E+000  1.000000000000000E+000  1.000000000000000E+000
        </occupations>
      </ks_energies>
      <ks_energies>
        <k_point weight="1.5625000000000000E-002">
  2.500000000000000E-001  7.500000000000000E-001 -2.500000000000000E-001
        </k_point>
        <npw>2123</npw>
        <eigenvalues size="8">
 -1.095078165581110E-001 -4.396966545030424E-003  1.001742107407900E-001
  1.491226560339112E-001 -1.095078597816301E-001
 -4.396901564808495E-003  1.001740715794480E-001  1.491226878717677E-001
        </eigenvalues>
        <occupations size="8">
  1.000000000000000E+000  1.000000000000000E+000  1.000000000000000E+000
  1.000000000000000E+000  1.000000000000000E+000
  1.000000000000000E+000  1.000000000000000E+000  1.000000000000000E+000
        </occupations>
      </ks_energies>
      <ks_energies>
        <k_point weight="1.5625000000000000E-002">
  1.000000000000000E+000  0.000000000000000E+000  5.000000000000000E-001
        </k_point>
        <npw>2148</npw>
        <eigenvalues size="8">
 -5.103226770163234E-002 -5.103183762289684E-002  8.840732901652212E-002
  8.840760566321486E-002 -5.103230485110109E-002
 -5.103187641891098E-002  8.840732978136938E-002  8.840765711933896E-002
        </eigenvalues>
        <occupations size="8">
  1.000000000000000E+000  1.000000000000000E+000  1.000000000000000E+000
  1.000000000000000E+000  1.000000000000000E+000
  1.000000000000000E+000  1.000000000000000E+000  1.000000000000000E+000
        </occupations>
      </ks_energies>
      <ks_energies>
        <k_point weight="1.5625000000000000E-002">
  7.500000000000000E-001  2.500000000000000E-001  2.500000000000000E-001
        </k_point>
        <npw>2123</npw>
        <eigenvalues size="8">
 -1.095078459314995E-001 -4.396867373414198E-003  1.001741068366883E-001
  1.491226974963592E-001 -1.095078646265050E-001
 -4.396910030263926E-003  1.001741554876525E-001  1.491226131166787E-001
        </eigenvalues>
        <occupations size="8">
  1.000000000000000E+000  1.000000000000000E+000  1.000000000000000E+000
  1.000000000000000E+000  1.000000000000000E+000
  1.000000000000000E+000  1.000000000000000E+000  1.000000000000000E+000
        </occupations>
      </ks_energies>
      <ks_energies>
        <k_point weight="1.5625000000000000E-002">
 -2.500000000000000E-001 -2.500000000000000E-001 -7.500000000000000E-001
        </k_point>
        <npw>2123</npw>
        <eigenvalues size="8">
 -1.095078457846681E-001 -4.396865927886141E-003  1.001741226255010E-001
  1.491226488131743E-001 -1.095078672226235E-001
 -4.396891371074190E-003  1.001740716344999E-001  1.491226984745693E-001
        </eigenvalues>
        <occupations size="8">
  1.000000000000000E+000  1.000000000000000E+000  1.000000000000000E+000
  1.000000000000000E+000  1.000000000000000E+000
  1.000000000000000E+000  1.000000000000000E+000  1.000000000000000E+000
        </occupations>
      </ks_energies>
      <ks_energies>
        <k_point weight="1.5625000000000000E-002">
 -5.000000000000000E-001  0.000000000000000E+000 -1.000000000000000E+000
        </k_point>
        <npw>2148</npw>
        <eigenvalues size="8">
 -5.103232952588835E-002 -5.103177482846491E-002  8.840735375556681E-002
  8.840757814885576E-002 -5.103237147384004E-002
 -5.103181076751308E-002  8.840735414090480E-002  8.840763560147290E-002
        </eigenvalues>
        <occupations size="8">
  1.000000000000000E+000  1.000000000000000E+000  1.000000000000000E+000
  1.000000000000000E+000  1.000000000000000E+000
  1.000000000000000E+000  1.000000000000000E+000  1.000000000000000E+000
        </occupations>
      </ks_energies>
      <ks_energies>
        <k_point weight="1.5625000000000000E-002">
  2.500000000000000E-001 -7.500000000000000E-001 -2.500000000000000E-001
        </k_point>
        <npw>2123</npw>
        <eigenvalues size="8">
 -1.095078446970818E-001 -4.396872142411841E-003  1.001741287463269E-001
  1.491226562110718E-001 -1.095078734502776E-001
 -4.396872519147887E-003  1.001740602561518E-001  1.491226933555396E-001
        </eigenvalues>
        <occupations size="8">
  1.000000000000000E+000  1.000000000000000E+000  1.000000000000000E+000
  1.000000000000000E+000  1.000000000000000E+000
  1.000000000000000E+000  1.000000000000000E+000  1.000000000000000E+000
        </occupations>
      </ks_energies>
      <ks_energies>
        <k_point weight="1.5625000000000000E-002">
  0.000000000000000E+000 -5.000000000000000E-001 -5.000000000000000E-001
        </k_point>
        <npw>2119</npw>
        <eigenvalues size="8">
 -1.343027930794160E-001  2.880124253706323E-002  9.210533621065507E-002
  1.814767432555098E-001 -1.343028088179521E-001
  2.880119324524931E-002  9.210539026904280E-002  1.814766268573716E-001
        </eigenvalues>
        <occupations size="8">
  1.000000000000000E+000  1.000000000000000E+000  1.000000000000000E+000
  1.000000000000000E+000  1.000000000000000E+000
  1.000000000000000E+000  1.000000000000000E+000  1.000000000000000E+000
        </occupations>
      </ks_energies>
      <ks_energies>
        <k_point weight="1.5625000000000000E-002">
  0.000000000000000E+000  0.000000000000000E+000 -5.000000000000000E-001
        </k_point>
        <npw>2085</npw>
        <eigenvalues size="8">
 -1.696699424021684E-001  1.010558235664993E-001  1.607160834829164E-001
  1.607164154090372E-001 -1.696699497430679E-001
  1.010557504655514E-001  1.607160437992515E-001  1.607164006556675E-001
        </eigenvalues>
        <occupations size="8">
  1.000000000000000E+000  1.000000000000000E+000  1.000000000000000E+000
  1.000000000000000E+000  1.000000000000000E+000
  1.000000000000000E+000  1.000000000000000E+000  1.000000000000000E+000
        </occupations>
      </ks_energies>
      <ks_energies>
        <k_point weight="1.5625000000000000E-002">
 -2.500000000000000E-001  2.500000000000000E-001 -7.500000000000000E-001
        </k_point>
        <npw>2123</npw>
        <eigenvalues size="8">
 -1.095078637858996E-001 -4.396800825600015E-003  1.001740458096986E-001
  1.491226890932511E-001 -1.095078697434895E-001
 -4.396918333155016E-003  1.001742097732214E-001  1.491225967955166E-001
        </eigenvalues>
        <occupations size="8">
  1.000000000000000E+000  1.000000000000000E+000  1.000000000000000E+000
  1.000000000000000E+000  1.000000000000000E+000
  1.000000000000000E+000  1.000000000000000E+000  1.000000000000000E+000
        </occupations>
      </ks_energies>
      <ks_energies>
        <k_point weight="1.5625000000000000E-002">
  5.000000000000000E-001 -5.000000000000000E-001  0.000000000000000E+000
        </k_point>
        <npw>2119</npw>
        <eigenvalues size="8">
 -1.343028022503988E-001  2.880131985467491E-002  9.210526665987753E-002
  1.814767234737331E-001 -1.343028117789402E-001
  2.880116702496474E-002  9.210545456473940E-002  1.814766107419862E-001
        </eigenvalues>
        <occupations size="8">
  1.000000000000000E+000  1.000000000000000E+000  1.000000000000000E+000
  1.000000000000000E+000  1.000000000000000E+000
  1.000000000000000E+000  1.000000000000000E+000  1.000000000000000E+000
        </occupations>
      </ks_energies>
      <ks_energies>
        <k_point weight="1.5625000000000000E-002">
  2.500000000000000E-001 -2.500000000000000E-001 -2.500000000000000E-001
        </k_point>
        <npw>2106</npw>
        <eigenvalues size="8">
 -1.800434840756329E-001  8.583874167051991E-002  2.024401419117209E-001
  2.024403430882123E-001 -1.800434906490593E-001
  8.583873019313659E-002  2.024400233911340E-001  2.024402527407322E-001
        </eigenvalues>
        <occupations size="8">
  1.000000000000000E+000  1.000000000000000E+000  1.000000000000000E+000
  1.000000000000000E+000  1.000000000000000E+000
  1.000000000000000E+000  1.000000000000000E+000  1.000000000000000E+000
        </occupations>
      </ks_energies>
    </band_structure>
    <forces rank="2" dims="           3           2">
 -2.467786239441355E-007  1.529305588641739E-007 -1.355929366562692E-007
  2.467786239441355E-007 -1.529305588641739E-007  1.355929366562692E-007
    </forces>
    <stress rank="2" dims="           3           3">
  8.805831792055383E-005 -3.522367653467614E-009  2.082524267350873E-009
 -3.522367653467614E-009  8.805801065821586E-005 -1.554108383975938E-010
  2.082524267350873E-009 -1.554108383975938E-010  8.805818034583138E-005
    </stress>
  </output>
  <exit_status>0</exit_status>
  <timing_info>
    <total label="PWSCF">
      <cpu>2.592250700000000E+001</cpu>
      <wall>2.614550209045410E+001</wall>
    </total>
    <partial label="init_run" calls="1">
      <cpu>8.533640000000000E-001</cpu>
      <wall>8.763298988342285E-001</wall>
    </partial>
    <partial label="hinit0" calls="1">
      <cpu>1.304380000000000E-001</cpu>
      <wall>1.344211101531982E-001</wall>
    </partial>
    <partial label="init_vloc" calls="1">
      <cpu>2.656600000000001E-002</cpu>
      <wall>2.703285217285156E-002</wall>
    </partial>
    <partial label="init_us_1" calls="1">
      <cpu>1.160000000000050E-004</cpu>
      <wall>1.430511474609375E-004</wall>
    </partial>
    <partial label="fft" calls="346">
      <cpu>1.262300000000138E-001</cpu>
      <wall>1.309046745300293E-001</wall>
    </partial>
    <partial label="potinit" calls="1">
      <cpu>3.186100000000000E-002</cpu>
      <wall>3.192496299743652E-002</wall>
    </partial>
    <partial label="v_of_rho" calls="16">
      <cpu>2.385249999999992E-001</cpu>
      <wall>2.406070232391357E-001</wall>
    </partial>
    <partial label="v_xc" calls="18">
      <cpu>2.601499999999994E-001</cpu>
      <wall>2.663097381591797E-001</wall>
    </partial>
    <partial label="v_h" calls="16">
      <cpu>5.309999999997927E-003</cpu>
      <wall>5.309343338012695E-003</wall>
    </partial>
    <partial label="wfcinit" calls="1">
      <cpu>6.685979999999999E-001</cpu>
      <wall>6.842470169067383E-001</wall>
    </partial>
    <partial label="init_us_2" calls="4480">
      <cpu>2.325949000000058E+000</cpu>
      <wall>2.351665019989014E+000</wall>
    </partial>
    <partial label="wfcinit:atom" calls="128">
      <cpu>2.397499999999964E-002</cpu>
      <wall>2.476119995117188E-002</wall>
    </partial>
    <partial label="atomic_wfc" calls="128">
      <cpu>2.386199999999972E-002</cpu>
      <wall>2.464365959167480E-002</wall>
    </partial>
    <partial label="wfcinit:wfcr" calls="128">
      <cpu>4.918500000000008E-001</cpu>
      <wall>5.015735626220703E-001</wall>
    </partial>
    <partial label="wfcrot" calls="128">
      <cpu>4.917180000000003E-001</cpu>
      <wall>5.014636516571045E-001</wall>
    </partial>
    <partial label="rotwfck" calls="128">
      <cpu>4.915860000000003E-001</cpu>
      <wall>5.013194084167480E-001</wall>
    </partial>
    <partial label="rotwfck:hpsi" calls="128">
      <cpu>4.677920000000002E-001</cpu>
      <wall>4.773430824279785E-001</wall>
    </partial>
    <partial label="h_psi_bgrp" calls="8008">
      <cpu>1.391556500000008E+001</cpu>
      <wall>1.401478052139282E+001</wall>
    </partial>
    <partial label="h_psi" calls="8008">
      <cpu>1.390879499999998E+001</cpu>
      <wall>1.400832343101501E+001</wall>
    </partial>
    <partial label="h_psi:pot" calls="8008">
      <cpu>1.383854199999983E+001</cpu>
      <wall>1.393729424476624E+001</wall>
    </partial>
    <partial label="vloc_psi" calls="8008">
      <cpu>1.145707499999993E+001</cpu>
      <wall>1.154214954376221E+001</wall>
    </partial>
    <partial label="fftw" calls="66578">
      <cpu>1.171645099999959E+001</cpu>
      <wall>1.180173635482788E+001</wall>
    </partial>
    <partial label="h_psi:calbec" calls="8008">
      <cpu>1.566168000000033E+000</cpu>
      <wall>1.575267553329468E+000</wall>
    </partial>
    <partial label="calbec" calls="8648">
      <cpu>1.667012999999880E+000</cpu>
      <wall>1.679986000061035E+000</wall>
    </partial>
    <partial label="add_vuspsi" calls="8008">
      <cpu>7.978279999999423E-001</cpu>
      <wall>8.061652183532715E-001</wall>
    </partial>
    <partial label="rotwfck:hc" calls="128">
      <cpu>1.410199999999995E-002</cpu>
      <wall>1.423907279968262E-002</wall>
    </partial>
    <partial label="rotwfck:diag" calls="128">
      <cpu>4.488000000000603E-003</cpu>
      <wall>4.513263702392578E-003</wall>
    </partial>
    <partial label="cdiaghg" calls="7752">
      <cpu>1.880710000000612E-001</cpu>
      <wall>1.900539398193359E-001</wall>
    </partial>
    <partial label="rotwfck:evc" calls="128">
      <cpu>4.891000000000090E-003</cpu>
      <wall>4.938125610351562E-003</wall>
    </partial>
    <partial label="electrons" calls="1">
      <cpu>2.303172800000000E+001</cpu>
      <wall>2.320699191093445E+001</wall>
    </partial>
    <partial label="c_bands" calls="16">
      <cpu>2.011891200000000E+001</cpu>
      <wall>2.027574086189270E+001</wall>
    </partial>
    <partial label="cegterg" calls="2048">
      <cpu>1.490308299999997E+001</cpu>
      <wall>1.500221109390259E+001</wall>
    </partial>
    <partial label="cegterg:init" calls="2048">
      <cpu>9.998800000001040E-002</cpu>
      <wall>1.005740165710449E-001</wall>
    </partial>
    <partial label="cegterg:upda" calls="5832">
      <cpu>1.990749999999224E-001</cpu>
      <wall>2.006323337554932E-001</wall>
    </partial>
    <partial label="g_psi" calls="5832">
      <cpu>1.965149999999696E-001</cpu>
      <wall>1.977245807647705E-001</wall>
    </partial>
    <partial label="cegterg:over" calls="5832">
      <cpu>4.095870000000232E-001</cpu>
      <wall>4.133005142211914E-001</wall>
    </partial>
    <partial label="cegterg:diag" calls="7624">
      <cpu>1.910730000000953E-001</cpu>
      <wall>1.928150653839111E-001</wall>
    </partial>
    <partial label="cegterg:last" calls="5569">
      <cpu>2.451999999998620E-001</cpu>
      <wall>2.475392818450928E-001</wall>
    </partial>
    <partial label="sum_band" calls="16">
      <cpu>2.642249999999994E+000</cpu>
      <wall>2.656498432159424E+000</wall>
    </partial>
    <partial label="sum_band:wei" calls="16">
      <cpu>8.200000000258001E-005</cpu>
      <wall>8.201599121093750E-005</wall>
    </partial>
    <partial label="sum_band:loo" calls="16">
      <cpu>2.624080000000003E+000</cpu>
      <wall>2.638329505920410E+000</wall>
    </partial>
    <partial label="sum_band:buf" calls="2048">
      <cpu>3.114399999995143E-002</cpu>
      <wall>3.133964538574219E-002</wall>
    </partial>
    <partial label="sum_band:ini" calls="2048">
      <cpu>1.025076000000031E+000</cpu>
      <wall>1.030484914779663E+000</wall>
    </partial>
    <partial label="ffts" calls="32">
      <cpu>7.627000000002937E-003</cpu>
      <wall>7.623672485351562E-003</wall>
    </partial>
    <partial label="sum_band:sym" calls="16">
      <cpu>8.053000000003863E-003</cpu>
      <wall>8.051633834838867E-003</wall>
    </partial>
    <partial label="mix_rho" calls="16">
      <cpu>3.759400000000213E-002</cpu>
      <wall>3.975105285644531E-002</wall>
    </partial>
    <partial label="high_freq_mi" calls="14">
      <cpu>4.629999999998802E-004</cpu>
      <wall>4.804134368896484E-004</wall>
    </partial>
    <partial label="ions" calls="1">
      <cpu>2.003791000000000E+000</cpu>
      <wall>2.024127006530762E+000</wall>
    </partial>
    <partial label="forces" calls="1">
      <cpu>2.651629999999976E-001</cpu>
      <wall>2.742469310760498E-001</wall>
    </partial>
    <partial label="frc_us" calls="1">
      <cpu>2.510149999999989E-001</cpu>
      <wall>2.560138702392578E-001</wall>
    </partial>
    <partial label="frc_lc" calls="1">
      <cpu>6.090000000007478E-004</cpu>
      <wall>6.101131439208984E-004</wall>
    </partial>
    <partial label="frc_cc" calls="1">
      <cpu>1.231300000000246E-002</cpu>
      <wall>1.639294624328613E-002</wall>
    </partial>
    <partial label="frc_scc" calls="1">
      <cpu>7.559999999990907E-004</cpu>
      <wall>7.591247558593750E-004</wall>
    </partial>
    <partial label="stress" calls="1">
      <cpu>1.738615000000003E+000</cpu>
      <wall>1.749867916107178E+000</wall>
    </partial>
  </timing_info>
  <closed DATE="15 May 2024" TIME="19:23: 1"></closed>
</qes:espresso>
